Material - Material Number (Key),Material - Text,Material - Material Group (Key),Material - Material Group (Text),SCHC 1 - Key,SCHC 1 - Text,Storage Location - Key (Not Compounded),Storage Location,Storage Type - Key,Storage Bin - Key,Storage Bin Type - Key (Not Compounded),Stock material - Blocked Stock (Key),Stock material - In Quality Insp. (Key),Stock material - Unrestr.-use Stock (Key),Total Stock,Material - CFSS UOI (Key),Material - CFSS UOI (Text),Technical Auth. Code - Key,Technical Auth. Code - TA Environment (Text),SMC - Key,SMC - Desc. Purch. Group (Key),GR Date - Key,Material - CFSS UOI Price (Key),Material - Lead IMA (Key),Material - Stock Type (Supply) (Key),Material - Lead IMA (Text),Material - Stock Classification (Key),Material - Stock Classification (Text),Material - DMC (Key),Material - DMC (Text),Material - Repair Code (Key),Material - Repair Code (Text),CC Physical Inventor - Key (Not Compounded),Last Inventory Date - Key,Quant - Key,Last Movement Date,Status,Mat Hlth Cat,Mat Hlt Sub Cat,Mat Hlth Sub Sub Cat,Tranche 1?,Storage Location Group,Last Demand Year,Assigned Year,Line Value,Price,Blocked,Quality Inspection,Lead EPM,Mark As Hazmat,Storage Medium,Size factor,Storage Bin,Count,Cubic Metres,25 CFSD Bin Structure,Transit Bin,Robot Message,Sheet
00-0011430:NSN,"LIGHT,INDICATOR",6210,Indoor/Outdoor Light,#,Not assigned,3,25CFSD SERV,SHA,098R110C,6,0.000 EA,0.000 EA,38.000 EA,38,EA,each,L20E,DGLEPM,44T,(L) DLP 4-2-4-2,7/11/2014,37.80 CAD,1B,P,ITEM UNDER REVIEW FOR SURPLUS,C,CONSUMABLE STORES,A,Non-controlled good/Demil not required,A,NON-REPAIRABLE,H,#,4660902,4/29/2021,Success,,,,,,,2010,,,,,DGLEPM,,1. Shelving,0.1,,,,,,,
00-0013541:NSN,"BRACKET,BLADE ARM,B",2540,Vehicular Furniture,#,Not assigned,3,25CFSD SERV,HPA,022F230B,12,0.000 EA,0.000 EA,53.000 EA,25,EA,each,L634,DGLEPM,65R,(L) DLP 4-2-3-2,10/2/2013,168.10 CAD,1B,P,ITEM UNDER REVIEW FOR SURPLUS,C,CONSUMABLE STORES,A,Non-controlled good/Demil not required,A,NON-REPAIRABLE,H,#,13133,11/18/2014,Success,,,,,,,1973,,,,,DGLEPM,,2. Pallet,1,,,,,,,
00-0013541:NSN,"BRACKET,BLADE ARM,B",2540,Vehicular Furniture,#,Not assigned,3,25CFSD SERV,SHA,126J132C,6,0.000 EA,0.000 EA,53.000 EA,28,EA,each,L634,DGLEPM,65R,(L) DLP 4-2-3-2,10/2/2013,168.10 CAD,1B,P,ITEM UNDER REVIEW FOR SURPLUS,C,CONSUMABLE STORES,A,Non-controlled good/Demil not required,A,NON-REPAIRABLE,H,#,3593159,11/15/2018,Success,,,,,,,,,,,,,,,,,,,,,,
00-0013545:NSN,"BRACKET,HYDRAULIC C",2540,Vehicular Furniture,#,Not assigned,3,25CFSD SERV,HPA,030L188B,14,0.000 EA,0.000 EA,27.000 EA,22,EA,each,L634,DGLEPM,65R,(L) DLP 4-2-3-2,10/2/2013,169.50 CAD,1B,P,ITEM UNDER REVIEW FOR SURPLUS,C,CONSUMABLE STORES,A,Non-controlled good/Demil not required,A,NON-REPAIRABLE,H,#,13196,10/2/2013,Success,,,,,,,1973,,,,,DGLEPM,,2. Pallet,1,,,,,,,
00-0013545:NSN,"BRACKET,HYDRAULIC C",2540,Vehicular Furniture,#,Not assigned,3,25CFSD SERV,SHA,128Y131C,6,0.000 EA,0.000 EA,27.000 EA,2,EA,each,L634,DGLEPM,65R,(L) DLP 4-2-3-2,10/2/2013,169.50 CAD,1B,P,ITEM UNDER REVIEW FOR SURPLUS,C,CONSUMABLE STORES,A,Non-controlled good/Demil not required,A,NON-REPAIRABLE,H,#,4039,10/2/2013,Success,,,,,,,,,,,,,,,,,,,,,,
00-0000118:NSN,POWER SUPPLY,6130,"Converters, Nonrotat",#,Not assigned,6,25CFSD Disposal,4BB,NSP22,#,0.000 EA,0.000 EA,2.000 EA,2,EA,each,A31S,DGAEPM,52J,(A) DAP 6-2-3A,12/3/2015,"102,078.94 CAD",1B,D,ITEM UNDER REVIEW FOR SURPLUS,A,ACCOUNTABLE STORES,Q,Non-controlled good/Demil not required,B,3RD LINE ONLY,G,#,5292895,8/11/2022,Success,,,,,,,1978,,,,,DGAEPM,,3. Bulk,48,,,,,,,
00-0015946:NSN,"LEVER,MANUAL CONTROL",3040,Misc Power Trans Ep,#,Not assigned,6,25CFSD Disposal,DIS,PO14-054,24,0.000 EA,0.000 EA,23.000 EA,23,EA,each,A31Q,DGAEPM,52J,(A) DAP 6-2-3A,10/2/2013,403.10 CAD,1B,D,ITEM UNDER REVIEW FOR SURPLUS,A,ACCOUNTABLE STORES,A,Non-controlled good/Demil not required,A,NON-REPAIRABLE,H,#,5195038,5/9/2022,Success,,,,,,,1984,,,,,DGAEPM,,1. Shelving,0.1,,,,,,,
00-0015947:NSN,"SUBASSEMBLY,STUD PLATE",5820,Radio/Tele Comms ExA,Q,Q,6,25CFSD Disposal,DIS,PO14-089,24,0.000 EA,0.000 EA,1.000 EA,1,EA,each,A31Q,DGAEPM,52J,(A) DAP 6-2-3A,10/2/2013,179.82 CAD,1B,D,ITEM UNDER REVIEW FOR SURPLUS,A,ACCOUNTABLE STORES,Q,Non-controlled good/Demil not required,D,2ND LINE WKSP ONLY,H,#,5220849,5/30/2022,Success,,,,,,,1985,,,,,DGAEPM,,1. Shelving,0.1,,,,,,,
00-0016036:NSN,"CAPACITOR,FIXED,PLASTIC DIELECTRIC",5910,Capacitors,Q,Q,6,25CFSD Disposal,DIS,PO14-113,24,0.000 EA,0.000 EA,1.000 EA,1,EA,each,N039,DGMEPM,49S,(P) D SVCS C 2323,10/2/2013,488.95 CAD,1B,D,ITEM UNDER REVIEW FOR SURPLUS,C,CONSUMABLE STORES,A,Non-controlled good/Demil not required,A,NON-REPAIRABLE,H,#,5235964,6/9/2022,Success,,,,,,,1990,,,,,DGMEPM,,1. Shelving,0.1,,,,,,,
00-0017317:NSN,TRANSISTOR,5961,Semiconductor Device,Y,ELECTROSTATIC SENSITIVE ELECTRONIC ITEMS,6,25CFSD Disposal,DIS,PO8-4120,24,0.000 EA,0.000 EA,3.000 EA,3,EA,each,C495,COMMMON,49N,(P) D SVCS C 23333,10/2/2013,65.86 CAD,1B,D,ITEM UNDER REVIEW FOR SURPLUS,C,CONSUMABLE STORES,A,Non-controlled good/Demil not required,A,NON-REPAIRABLE,H,#,5105515,3/7/2022,Success,,,,,,,1984,,,,,DGLEPM,,1. Shelving,0.1,,,,,,,
00-0017473:NSN,"RESISTOR,FIXED,FILM",5905,Resistors,Q,Q,6,25CFSD Disposal,SHA,162F110A,6,0.000 EA,0.000 EA,10.000 EA,10,EA,each,A50J,DGAEPM,50T,(A) DAP 5-3-2-5,10/2/2013,1.80 CAD,1B,D,ITEM UNDER REVIEW FOR SURPLUS,C,CONSUMABLE STORES,A,Non-controlled good/Demil not required,A,NON-REPAIRABLE,H,#,5265164,7/14/2022,Success,,,,,,,1981,,,,,DGAEPM,,1. Shelving,0.1,,,,,,,
00-3383269:NSN,"SCREW,CLOSE TOLERANCE",5305,Screws,Q,Q,4,25CFSD NS,DR1,OUTBOUND,#,0.000 EA,0.000 EA,48.000 EA,48,EA,each,A52C,DGAEPM,50A,L3 SM 5,2/8/2022,2.06 CAD,4G,X,US DOD STOCKED - COLOG ELIGIBLE,C,CONSUMABLE STORES,A,Non-controlled good/Demil not required,A,NON-REPAIRABLE,H,#,5064730,2/8/2022,Success,,,,,,,1981,,,,,DGAEPM,,1. Shelving,0.1,,,,,,,
01-0612296:NSN,"CLAMP,LOOP",5340,"Hardware, Commercial",#,Not assigned,4,25CFSD NS,DR1,OUTBOUND,#,0.000 EA,0.000 EA,2.000 EA,2,EA,each,A52C,DGAEPM,50F,(A) DAP-5-3-2-5,3/2/2022,1.37 CAD,4N,X,CENTRALIZED MGMT-NORMAL DMND PROCESSING,C,CONSUMABLE STORES,A,Non-controlled good/Demil not required,A,NON-REPAIRABLE,H,#,5090288,3/2/2022,Success,,,,,,,1983,,,,,DGAEPM,,1. Shelving,0.1,,,,,,,
01-1251225:NSN,"WASHER,FLAT",5310,Nuts/Washers,Q,Q,4,25CFSD NS,DR1,OUTBOUND,#,0.000 EA,0.000 EA,1.000 EA,1,EA,each,L670,DGLEPM,35E,(L) DLP 6-3-3-3C,3/25/2022,5.52 CAD,4G,X,US DOD STOCKED - COLOG ELIGIBLE,C,CONSUMABLE STORES,A,Non-controlled good/Demil not required,A,NON-REPAIRABLE,H,#,5139008,3/25/2022,Success,,,,,,,1983,,,,,DGLEPM,,1. Shelving,0.1,,,,,,,
01-1404814:NSN,"RIVET,SOLID",5320,Rivets,#,Not assigned,4,25CFSD NS,DR1,OUTBOUND,#,0.000 EA,0.000 EA,3.000 EA,3,EA,each,A52C,DGAEPM,50A,L3 SM 5,9/16/2021,0.49 CAD,4G,X,US DOD STOCKED - COLOG ELIGIBLE,C,CONSUMABLE STORES,A,Non-controlled good/Demil not required,A,NON-REPAIRABLE,H,#,4882879,9/16/2021,Success,,,,,,,1983,,,,,DGAEPM,,1. Shelving,0.1,,,,,,,
01-3336101:NSN,"BATTERY,NONRECHARGEABLE",6135,"Batteries, Nonrechar",#,Not assigned,4,25CFSD NS,DR1,TI02,24,0.000 EA,0.000 EA,120.000 EA,120,EA,each,L499,DGLEPM,45Z,(L) DLP 7-4-2-1,12/2/2021,1.81 CAD,1Z,X,NDHQ CONTROLLED ITEM,C,CONSUMABLE STORES,A,Non-controlled good/Demil not required,A,NON-REPAIRABLE,H,#,5008473,12/2/2021,Success,,,,,,,2009,,,,,DGLEPM,,1. Shelving,0.1,,,,,,,
01-3492683:NSN,MAST SECTION,5985,Antennas/Waveguide,#,Not assigned,5,25CFSD Rep Res,4BB,118A098,19,0.000 EA,0.000 EA,21.000 EA,21,EA,each,L50K,DGLEPM,49T,(L) DLP 7-4-2-1,5/16/2022,"1,900.00 CAD",1R,X,QD MESSAGE FORMAT,C,CONSUMABLE STORES,A,Non-controlled good/Demil not required,A,NON-REPAIRABLE,G,#,5207090,5/17/2022,Success,,,,,,,2005,,,,,DGLEPM,,3. Bulk,48,,,,,,,
00-0652898:NSN,VALVE ASSEMBLY,4810,"Valves, Powered",#,Not assigned,5,25CFSD Rep Res,4RP,116J253A,19,0.000 EA,0.000 EA,5.000 EA,5,EA,each,MAC2,DGAEPM,53D,(A) DAP4/OWSM/SM,1/7/2016,"6,351.00 CAD",4N,X,CENTRALIZED MGMT-NORMAL DMND PROCESSING,A,ACCOUNTABLE STORES,Q,Non-controlled good/Demil not required,A,NON-REPAIRABLE,G,#,4982951,11/15/2021,Success,,,,,,,1967,,,,,DGAEPM,,1. Shelving,0.1,,,,,,,
00-2615033:NSN,"DIVIDER,POWER,RADIO FREQUENCY",6625,Electric Prop-Measur,Q,Q,5,25CFSD Rep Res,4RP,056E272B,19,0.000 EA,0.000 EA,1.000 EA,1,EA,each,C70F,DGLEPM,72A,(L) DLP 7-4-4-1,4/21/2022,583.90 CAD,1N,X,BASES/STATIONS NOT TO HOLD STOCK,A,ACCOUNTABLE STORES,A,Non-controlled good/Demil not required,A,NON-REPAIRABLE,G,#,5175930,4/22/2022,Success,,,,,,,1980,,,,,DGLEPM,,1. Shelving,0.1,,,,,,,
00-4979925:NSN,"ACCELEROMETER,MECHANICAL",6610,Flight Instruments,R,RADIOACTIVE MATERIEL,14,25CFSD HAZMAT RR,HRA,036B083A,36,0.000 EA,0.000 EA,4.000 EA,4,EA,each,MA04,DGAEPM,58V,(A) DAP 4/OWSM/SM,3/13/2017,"1,000.00 CAD",4N,X,CENTRALIZED MGMT-NORMAL DMND PROCESSING,A,ACCOUNTABLE STORES,Q,Non-controlled good/Demil not required,A,NON-REPAIRABLE,G,#,2753438,1/4/2021,Success,,,,,,,1990,,,,,DGAEPM,,1. Shelving,0.1,,,,,,,
00-5645980:NSN,"FAN,CENTRIFUGAL",4140,Fans/Air Circulators,#,Not assigned,5,25CFSD Rep Res,4RP,188K271B,19,0.000 EA,0.000 EA,41.000 EA,41,EA,each,MA04,DGAEPM,58V,(A) DAP 4/OWSM/SM,10/3/2013,772.00 CAD,4N,X,CENTRALIZED MGMT-NORMAL DMND PROCESSING,A,ACCOUNTABLE STORES,A,Non-controlled good/Demil not required,A,NON-REPAIRABLE,G,#,4618592,4/12/2021,Success,,,,,,,1964,,,,,DGAEPM,,1. Shelving,0.1,,,,,,,
01-0303790:NSN,AMPLIFIER,5895,Misc Comms Equipment,Q,Q,5,25CFSD Rep Res,4RP,092E227A,19,0.000 EA,0.000 EA,2.000 EA,2,EA,each,A57F,DGAEPM,52W,(A) DAP 4-3-5-2-4,10/2/2013,791.00 CAD,4N,X,CENTRALIZED MGMT-NORMAL DMND PROCESSING,A,ACCOUNTABLE STORES,A,Non-controlled good/Demil not required,A,NON-REPAIRABLE,G,#,154363,10/2/2013,Success,,,,,,,1989,,,,,DGAEPM,,1. Shelving,0.1,,,,,,,
01-0384123:NSN,"ALTITUDE CONTROL,AS",5895,Misc Comms Equipment,Q,Q,5,25CFSD Rep Res,4RP,092D205B,19,0.000 EA,0.000 EA,1.000 EA,1,EA,each,A57F,DGAEPM,52W,(A) DAP 4-3-5-2-4,10/24/2016,"4,500.00 CAD",4N,X,CENTRALIZED MGMT-NORMAL DMND PROCESSING,A,ACCOUNTABLE STORES,Q,Non-controlled good/Demil not required,A,NON-REPAIRABLE,G,#,2716005,2/16/2017,Success,,,,,,,1977,,,,,DGAEPM,,1. Shelving,0.1,,,,,,,
00-0038647:NSN,"CAP,MISSILE",1420,Guided Missile Cmpnt,#,Not assigned,3,25CFSD SERV,SHA,156G135C3,6,0.000 EA,0.000 EA,2.000 EA,2,EA,each,A50L,DGAEPM,50W,(A) DAP 5-3-2-5,10/2/2013,14.72 CAD,1B,G,ITEM UNDER REVIEW FOR SURPLUS,C,CONSUMABLE STORES,D,Controlled-key components/demil-destroy,A,NON-REPAIRABLE,E,5/17/2022,17007,10/2/2013,Success,,,,,,,1982,,,,,DGAEPM,,1. Shelving,0.1,,,,,,,
00-0067499:NSN,"BRACKET,MOUNTING",5340,"Hardware, Commercial",#,Not assigned,6,25CFSD Disposal,SHA,164V113D,6,0.000 EA,0.000 EA,29.000 EA,29,EA,each,L634,DGLEPM,65T,(L) DLP 4-2-3-2,10/2/2013,96.60 CAD,1B,G,ITEM UNDER REVIEW FOR SURPLUS,C,CONSUMABLE STORES,Q,Non-controlled good/Demil not required,A,NON-REPAIRABLE,H,9/15/2021,4882477,9/15/2021,Success,,,,,,,1972,,,,,DGLEPM,,1. Shelving,0.1,,,,,,,
00-0074848:NSN,"BRACKET,DOUBLE ANGLE",5340,"Hardware, Commercial",#,Not assigned,6,25CFSD Disposal,SHA,146T162B,6,0.000 EA,0.000 EA,50.000 EA,50,EA,each,L634,DGLEPM,65T,(L) DLP 4-2-3-2,10/2/2013,1.50 CAD,1B,G,ITEM UNDER REVIEW FOR SURPLUS,C,CONSUMABLE STORES,A,Non-controlled good/Demil not required,A,NON-REPAIRABLE,H,#,2248850,3/15/2016,Success,,,,,,,1978,,,,,DGLEPM,,1. Shelving,0.1,,,,,,,
00-0100303:NSN,"ADAPTER,STRAIGHT,TUBE TO HOSE",4730,Hose/Pipe Fittings,#,Not assigned,6,25CFSD Disposal,DIS,PO14-011,#,0.000 EA,0.000 EA,65.000 EA,65,EA,each,L634,DGLEPM,65W,(L) DLP 4-2-3-2,10/2/2013,1.73 CAD,1B,G,ITEM UNDER REVIEW FOR SURPLUS,C,CONSUMABLE STORES,A,Non-controlled good/Demil not required,A,NON-REPAIRABLE,H,#,5157430,4/5/2022,Success,,,,,,,1968,,,,,DGLEPM,,1. Shelving,0.1,,,,,,,
00-0103982:NSN,"LIGHT,DOME",6220,Electric Veh Lights,#,Not assigned,6,25CFSD Disposal,DIS,PO14-096,24,0.000 EA,0.000 EA,2.000 EA,2,EA,each,L634,DGLEPM,65W,(L) DLP 4-2-3-2,10/2/2013,31.05 CAD,1B,G,ITEM UNDER REVIEW FOR SURPLUS,C,CONSUMABLE STORES,A,Non-controlled good/Demil not required,A,NON-REPAIRABLE,H,#,5227952,6/3/2022,Success,,,,,,,1968,,,,,DGLEPM,,1. Shelving,0.1,,,,,,,
00-0115233:NSN,"BRACKET,ANGLE",5340,"Hardware, Commercial",#,Not assigned,6,25CFSD Disposal,SHA,156R129A,6,0.000 EA,0.000 EA,55.000 EA,55,EA,each,L634,DGLEPM,65T,(L) DLP 4-2-3-2,10/2/2013,1.32 CAD,1B,G,ITEM UNDER REVIEW FOR SURPLUS,C,CONSUMABLE STORES,A,Non-controlled good/Demil not required,A,NON-REPAIRABLE,H,#,2688163,1/25/2017,Success,,,,,,,1991,,,,,DGLEPM,,1. Shelving,0.1,,,,,,,
00-1899285:NSN,"DRILL,TWIST",5133,Drill Bits,#,Not assigned,3,25CFSD SERV,SHA,134E149F3,6,0.000 EA,0.000 EA,3.000 EA,3,EA,each,TBD,COMMMON,LOC,LOC MANAGED ITEMS,#,0.35 CAD,4L,X,LOCALLY MANAGED/LOCALLY PROCURED,C,CONSUMABLE STORES,A,Non-controlled good/Demil not required,A,NON-REPAIRABLE,H,#,5280167,7/26/2022,Success,,,,,,,2000,,,,,DGLEPM,,1. Shelving,0.1,,,,,,,
00-2692811:NSN,"SCREW,CAP,HEXAGON HEAD",5305,Screws,Q,Q,3,25CFSD SERV,SHA,122U122D,6,0.000 EA,0.000 EA,593.000 EA,181,EA,each,NC0D,DGMEPM,29H,(M)D MAR P 4-3-5-6,5/8/2017,0.17 CAD,4L,X,LOCALLY MANAGED/LOCALLY PROCURED,C,CONSUMABLE STORES,A,Non-controlled good/Demil not required,A,NON-REPAIRABLE,H,#,2824372,10/29/2021,Success,,,,,,,1968,,,,,DGMEPM,,1. Shelving,0.1,,,,,,,
00-2692811:NSN,"SCREW,CAP,HEXAGON HEAD",5305,Screws,Q,Q,3,25CFSD SERV,SHA,172R110B,6,0.000 EA,0.000 EA,593.000 EA,412,EA,each,NC0D,DGMEPM,29H,(M)D MAR P 4-3-5-6,10/3/2013,0.17 CAD,4L,X,LOCALLY MANAGED/LOCALLY PROCURED,C,CONSUMABLE STORES,A,Non-controlled good/Demil not required,A,NON-REPAIRABLE,H,12/3/2018,3615021,12/3/2018,Success,,,,,,,,,,,,,,,,,,,,,,
01-5182265:NSN,"PLIERS,SLIP JOINT",5120,Nonedged Hand Tools,#,Not assigned,3,25CFSD SERV,SHA,098Z105B,6,0.000 EA,0.000 EA,16.000 EA,8,EA,each,L90W,DGLEPM,LOC,LOC MANAGED ITEMS,10/26/2020,7.54 CAD,4L,X,LOCALLY MANAGED/LOCALLY PROCURED,C,CONSUMABLE STORES,A,Non-controlled good/Demil not required,A,NON-REPAIRABLE,H,10/27/2020,4475031,10/27/2020,Success,,,,,,,2004,,,,,DGLEPM,,1. Shelving,0.1,,,,,,,
01-5182265:NSN,"PLIERS,SLIP JOINT",5120,Nonedged Hand Tools,#,Not assigned,3,25CFSD SERV,SHA,108D142A,6,0.000 EA,0.000 EA,16.000 EA,8,EA,each,L90W,DGLEPM,LOC,LOC MANAGED ITEMS,4/21/2021,7.54 CAD,4L,X,LOCALLY MANAGED/LOCALLY PROCURED,C,CONSUMABLE STORES,A,Non-controlled good/Demil not required,A,NON-REPAIRABLE,H,5/18/2021,4655365,4/26/2021,Success,,,,,,,,,,,,,,,,,,,,,,
01-6867850:NSN,"DETECTOR,CHEMICAL AGENT,AUTOMATIC",6665,Hazard-Detecting Ins,Q,Q,6,25CFSD Disposal,DR1,RTU-BOX,#,0.000 EA,0.000 EA,2.000 EA,2,EA,each,C603,LOCAL/BASE,LOC,LOC MANAGED ITEMS,7/26/2022,"3,026.67 CAD",4L,X,LOCALLY MANAGED/LOCALLY PROCURED,A,ACCOUNTABLE STORES,D,Controlled-key components/demil-destroy,A,NON-REPAIRABLE,G,#,5282914,7/29/2022,Success,,,,,,,2020,,,,,LOCAL/BASE,,1. Shelving,0.1,,,,,,,
01-1038722:NSN,ANTENNA,5985,Antennas/Waveguide,#,Not assigned,3,25CFSD SERV,HPA,062G195B,14,0.000 EA,0.000 EA,5.000 EA,5,EA,each,NSTC,Not assigned,52K,(A) DAP 6-3-5B,10/3/2013,407.00 CAD,4N,X,CENTRALIZED MGMT-NORMAL DMND PROCESSING,A,ACCOUNTABLE STORES,D,Controlled-key components/demil-destroy,D,2ND LINE WKSP ONLY,G,6/15/2021,786997,10/3/2013,Success,,,,,,,2003,,,,,No EPM,,2. Pallet,1,,,,,,,
01-1460323:NSN,CIRCUIT CARD ASSEMBLY,5998,Electric Assem/Board,#,Not assigned,3,25CFSD SERV,SHA,122V132C,6,0.000 EA,0.000 EA,1.000 EA,1,EA,each,NSTC,Not assigned,51L,(A) DAP5/OWSS/AV,10/2/2013,"4,772.17 CAD",1T,X,UNDER REVIEW-UNAVAILABLE FOR ISSUE,A,ACCOUNTABLE STORES,D,Controlled-key components/demil-destroy,G,SM REPAIR- 2ND L. WKSP & 3RD L,G,2/26/2021,384328,10/2/2013,Success,,,,,,,1984,,,,,No EPM,,1. Shelving,0.1,,,,,,,
01-5053604:NSN,CIRCUIT CARD ASSEMBLY,5998,Electric Assem/Board,Y,ELECTROSTATIC SENSITIVE ELECTRONIC ITEMS,3,25CFSD SERV,SHA,114N163B,6,0.000 EA,0.000 EA,1.000 EA,1,EA,each,NSTC,Not assigned,52K,(A) DAP 6-3-5B,10/3/2013,"7,311.10 CAD",4N,X,CENTRALIZED MGMT-NORMAL DMND PROCESSING,A,ACCOUNTABLE STORES,D,Controlled-key components/demil-destroy,G,SM REPAIR- 2ND L. WKSP & 3RD L,G,5/11/2021,776599,10/3/2013,Success,,,,,,,2003,,,,,No EPM,,1. Shelving,0.1,,,,,,,
21-AAD5608:NSN,CZ PISTOL,9999,Misc Items,J,SECURE STORAGE REQUIRED,000G,25CFSD VLT DS,VCA,TRIWALL22,41,0.000 EA,0.000 EA,1.000 EA,1,EA,each,NSTC,Not assigned,LOC,LOC MANAGED ITEMS,12/1/2021,999.99 CAD,1X,X,SUBMIT OFFLINE BY E-MAIL TO SM,E,CONTROLLED EQPT,Q,Non-controlled good/Demil not required,A,NON-REPAIRABLE,C,#,5007194,12/1/2021,Success,,,,,,,2002,,,,,No EPM,,1. Shelving,0.1,,,,,,,
21-AAT7143:NSN,BUSS FUSES,5920,Fuses/Arresters/Abso,#,Not assigned,3,25CFSD SERV,SHA,112Q151E,6,0.000 EA,0.000 EA,5.000 EA,5,EA,each,NSTC,Not assigned,LOC,LOC MANAGED ITEMS,5/26/2021,0.01 CAD,1B,O,ITEM UNDER REVIEW FOR SURPLUS,C,CONSUMABLE STORES,A,Non-controlled good/Demil not required,A,NON-REPAIRABLE,H,#,4724445,5/26/2021,Success,,,,,,,2003,,,,,No EPM,,1. Shelving,0.1,,,,,,,
99-2578954:NSN,BOX ASSEMBLY,4920,Aircraft Maint Eqp,#,Not assigned,3,25CFSD SERV,SHA,102Z154K,6,0.000 EA,0.000 EA,2.000 EA,1,EA,each,NSTC,Not assigned,50G,(A) DAP 5-3-2-2-2,10/3/2013,"1,519.72 CAD",4N,X,CENTRALIZED MGMT-NORMAL DMND PROCESSING,A,ACCOUNTABLE STORES,Q,Non-controlled good/Demil not required,A,NON-REPAIRABLE,G,4/30/2021,772805,10/3/2013,Success,,,,,,,2003,,,,,No EPM,,1. Shelving,0.1,,,,,,,
00-0269732:NSN,"NUT,PLAIN,PLATE",5310,Nuts/Washers,Q,Q,3,25CFSD SERV,SHA,122H152D,6,0.000 EA,0.000 EA,2.000 EA,2,EA,each,L670,DGLEPM,35E,(L) DLP 6-3-3-3C,5/13/2021,14.80 CAD,4P,X,NATIONALLY MANAGED/LOCALLY PROCURED,C,CONSUMABLE STORES,A,Non-controlled good/Demil not required,A,NON-REPAIRABLE,H,#,4716890,5/13/2021,Success,,,,,,,2000,,,,,DGLEPM,,1. Shelving,0.1,,,,,,,
00-0274028:NSN,"BEARING,BALL,AIRFRAME",3110,"Bearings, Antifricti",Q,Q,3,25CFSD SERV,SHA,114AC154K,6,0.000 EA,0.000 EA,132.000 EA,114,EA,each,A801,DGAEPM,LOC,LOC MANAGED ITEMS,10/2/2013,26.79 CAD,4P,X,NATIONALLY MANAGED/LOCALLY PROCURED,C,CONSUMABLE STORES,A,Non-controlled good/Demil not required,A,NON-REPAIRABLE,H,#,1447821,7/20/2016,Success,,,,,,,1972,,,,,DGAEPM,,1. Shelving,0.1,,,,,,,
00-0274028:NSN,"BEARING,BALL,AIRFRAME",3110,"Bearings, Antifricti",Q,Q,3,25CFSD SERV,SHA,132U124D,6,0.000 EA,0.000 EA,132.000 EA,18,EA,each,A801,DGAEPM,LOC,LOC MANAGED ITEMS,10/2/2013,26.79 CAD,4P,X,NATIONALLY MANAGED/LOCALLY PROCURED,C,CONSUMABLE STORES,A,Non-controlled good/Demil not required,A,NON-REPAIRABLE,H,#,1447604,4/22/2022,Success,,,,,,,,,,,,,,,,,,,,,,
00-0445026:NSN,"LAMP,INCANDESCENT",6240,Electric Lamps,#,Not assigned,3,25CFSD SERV,SHA,132H146E,6,0.000 EA,0.000 EA,3.000 EA,3,EA,each,TBD,COMMMON,37D,(L) DLP 6-3-6C,10/2/2013,1.45 CAD,4P,X,NATIONALLY MANAGED/LOCALLY PROCURED,C,CONSUMABLE STORES,A,Non-controlled good/Demil not required,A,NON-REPAIRABLE,H,7/13/2021,4793380,7/13/2021,Success,,,,,,,1971,,,,,DGLEPM,,1. Shelving,0.1,,,,,,,
00-0453299:NSN,"WASHER,LOCK",5310,Nuts/Washers,Q,Q,3,25CFSD SERV,SHA,178S184B,6,0.000 EA,0.000 EA,44.000 EA,44,HD,Hundred,L33P,DGLEPM,35E,(L) DLP 6-3-3-3C,1/14/2016,1.00 CAD,4P,X,NATIONALLY MANAGED/LOCALLY PROCURED,C,CONSUMABLE STORES,A,Non-controlled good/Demil not required,A,NON-REPAIRABLE,H,#,2164770,11/20/2018,Success,,,,,,,1968,,,,,DGLEPM,,1. Shelving,0.1,,,,,,,
00-0510827:NSN,"SCREW,CAP,HEXAGON HEAD",5305,Screws,#,Not assigned,3,25CFSD SERV,SHA,152F099A,6,0.000 EA,0.000 EA,4.000 EA,4,EA,each,L670,DGLEPM,35E,(L) DLP 6-3-3-3C,10/2/2013,2.50 CAD,4P,X,NATIONALLY MANAGED/LOCALLY PROCURED,C,CONSUMABLE STORES,A,Non-controlled good/Demil not required,A,NON-REPAIRABLE,H,#,99399,10/2/2013,Success,,,,,,,1968,,,,,DGLEPM,,1. Shelving,0.1,,,,,,,
00-0032924:NSN,"BRACKET,ANGLE",5340,"Hardware, Commercial",#,Not assigned,3,25CFSD SERV,SHA,156N108C,6,32.000 EA,0.000 EA,0.000 EA,32,EA,each,A576,DGAEPM,57W,(A)DAP233C/PGS/T56,10/2/2013,1.86 CAD,1B,P,ITEM UNDER REVIEW FOR SURPLUS,C,CONSUMABLE STORES,A,Non-controlled good/Demil not required,A,NON-REPAIRABLE,H,#,3365475,6/4/2018,Success,,,,,,,1979,,,,,DGAEPM,,1. Shelving,0.1,,,,,,,
00-0044494:NSN,"GAGE,PRESSURE",6685,Pressure/Temp/Humidi,#,Not assigned,3,25CFSD SERV,SHA,104X162A,6,3.000 EA,0.000 EA,0.000 EA,3,EA,each,A563,DGAEPM,57W,(A)DAP233C/PGS/T56,10/2/2013,77.95 CAD,1B,P,ITEM UNDER REVIEW FOR SURPLUS,A,ACCOUNTABLE STORES,A,Non-controlled good/Demil not required,A,NON-REPAIRABLE,H,8/31/2021,4854255,8/31/2021,Success,,,,,,,1979,,,,,DGAEPM,,1. Shelving,0.1,,,,,,,
00-0094602:NSN,"SWITCH,TOGGLE",5930,Switches,Q,Q,3,25CFSD SERV,SHA,112E105A,6,0.000 EA,0.000 EA,6.000 EA,6,EA,each,L20E,DGLEPM,44T,(L) DLP 4-2-4-2,10/2/2013,43.21 CAD,1B,P,ITEM UNDER REVIEW FOR SURPLUS,C,CONSUMABLE STORES,A,Non-controlled good/Demil not required,A,NON-REPAIRABLE,H,#,83287,10/2/2013,Success,,,,,,,1972,,,,,DGLEPM,,1. Shelving,0.1,,,,,,,
00-0152182:NSN,"SUPPORT LINER,TWO P",2840,Gas Turbines & Jet A,#,Not assigned,3,25CFSD SERV,SHA,152D112D,6,42.000 EA,0.000 EA,0.000 EA,42,EA,each,A576,DGAEPM,57W,(A)DAP233C/PGS/T56,10/2/2013,187.20 CAD,1B,P,ITEM UNDER REVIEW FOR SURPLUS,C,CONSUMABLE STORES,Q,Non-controlled good/Demil not required,A,NON-REPAIRABLE,H,#,3365831,6/4/2018,Success,,,,,,,1977,,,,,DGAEPM,,1. Shelving,0.1,,,,,,,
00-0152217:NSN,"BRACKET,SCAVENGE OI",5342,"Hardware, Weapon Sys",#,Not assigned,3,25CFSD SERV,SHA,114W148C,6,3.000 EA,0.000 EA,0.000 EA,3,EA,each,A576,DGAEPM,57W,(A)DAP233C/PGS/T56,10/2/2013,1.22 CAD,1B,P,ITEM UNDER REVIEW FOR SURPLUS,C,CONSUMABLE STORES,A,Non-controlled good/Demil not required,A,NON-REPAIRABLE,H,#,4753543,6/15/2021,Success,,,,,,,1964,,,,,DGAEPM,,1. Shelving,0.1,,,,,,,
00-0152219:NSN,"SEAT,HELICAL COMPRESSION SPRING",5340,"Hardware, Commercial",#,Not assigned,3,25CFSD SERV,SHA,116AA144A,6,1.000 EA,0.000 EA,0.000 EA,1,EA,each,A576,DGAEPM,57W,(A)DAP233C/PGS/T56,10/2/2013,15.38 CAD,1B,P,ITEM UNDER REVIEW FOR SURPLUS,C,CONSUMABLE STORES,A,Non-controlled good/Demil not required,A,NON-REPAIRABLE,H,9/2/2021,4860008,9/2/2021,Success,,,,,,,1979,,,,,DGAEPM,,1. Shelving,0.1,,,,,,,
00-5145331:NSN,"INDICATOR,TEMPERATURE,ELECTRICAL RESISTA",6685,Pressure/Temp/Humidi,R,RADIOACTIVE MATERIEL,11,25CFSD HAZMAT,999,9000150102,#,0.000 EA,0.000 EA,8.000 EA,1,EA,each,A57E,DGAEPM,52W,(A) DAP 4-3-5-2-4,11/13/2013,"8,000.00 CAD",4N,X,CENTRALIZED MGMT-NORMAL DMND PROCESSING,A,ACCOUNTABLE STORES,A,Non-controlled good/Demil not required,F,2ND  LINE WKSP AND 3RD LINE,G,#,5297302,8/17/2022,Success,,,,,,,1990,,,,,DGAEPM,,Transit,1,,,,,,,
12-1858970:NSN,THERMAL SIGHT ASSEMBLY,5855,Night Vision Eqpmt,#,Not assigned,4,25CFSD NS,999,LOST,#,0.000 EA,0.000 EA,4.000 EA,1,EA,each,L20E,DGLEPM,44T,(L) DLP 4-2-4-2,7/15/2016,"184,040.00 CAD",1Z,X,NDHQ CONTROLLED ITEM,A,ACCOUNTABLE STORES,D,Controlled-key components/demil-destroy,B,3RD LINE ONLY,G,#,4909038,9/29/2021,Success,,,,,,,1998,,,,,DGLEPM,,Transit,1,,,,,,,
12-3626368:NSN,"RELAY,ELECTROMAGNETIC",5945,Relays/Solenoids,#,Not assigned,3,25CFSD SERV,999,9000119804,#,0.000 EA,0.000 EA,74.000 EA,30,EA,each,L90V,DGLEPM,662,(L) DLP 5-2-2,8/27/2021,23.14 CAD,4N,X,CENTRALIZED MGMT-NORMAL DMND PROCESSING,C,CONSUMABLE STORES,A,Non-controlled good/Demil not required,A,NON-REPAIRABLE,H,#,4851076,8/30/2021,Success,,,,,,,2004,,,,,DGLEPM,,Transit,1,,,,,,,
12-3836289:NSN,"OPERATIONS UNIT,FIRE CONTROL EQUIPMENT",1290,Misc Fire Control Eq,#,Not assigned,5,25CFSD Rep Res,999,LOST,#,0.000 EA,0.000 EA,6.000 EA,3,EA,each,L20E,DGLEPM,44T,(L) DLP 4-2-4-2,10/2/2017,"36,336.00 CAD",1Z,X,NDHQ CONTROLLED ITEM,A,ACCOUNTABLE STORES,D,Controlled-key components/demil-destroy,B,3RD LINE ONLY,G,#,5061421,2/2/2022,Success,,,,,,,2010,,,,,DGLEPM,,Transit,1,,,,,,,
20-0039347:NSN,"WING ASSEMBLY,AIRCRAFT",1560,Airframe Structural,#,Not assigned,5,25CFSD Rep Res,999,LOST,#,0.000 EA,0.000 EA,1.000 EA,1,EA,each,A22R,DGAEPM,56C,(A)DAP 5-3-2-2-4,2/8/2017,"100,000.00 CAD",1R,X,QD MESSAGE FORMAT,A,ACCOUNTABLE STORES,Q,Non-controlled good/Demil not required,B,3RD LINE ONLY,G,#,2939617,8/8/2017,Success,,,,,,,2008,,,,,DGAEPM,,Transit,1,,,,,,,
20-0058500:NSN,"SHELTER SYSTEM,COLLECTIVE PROTECTION,CHE",4240,Safety/Rescue Equipm,Q,Q,3,25CFSD SERV,999,9000060464,#,0.000 EA,1.000 EA,1.000 EA,1,KT,Kit,L33J,DGLEPM,327,(L) DCSEM 5-1,10/2/2013,"412,091.63 CAD",1Z,X,NDHQ CONTROLLED ITEM,A,ACCOUNTABLE STORES,F,Controlled/Demil refer to tech auth,B,3RD LINE ONLY,E,#,3841826,5/15/2019,Success,,,,,,,2010,,,,,DGLEPM,,Transit,1,,,,,,,
00-0276774:NSN,"SUPPORT,SEAT FRAME,AIRCRAFT",1680,Aircraft Accessories,Q,Q,3,25CFSD SERV,SHA,174C136A,6,0.000 EA,0.000 EA,1.000 EA,1,EA,each,A31C,DGAEPM,52S,(A) DAP 6-3-5-B,#,35.19 CAD,1B,Z,ITEM UNDER REVIEW FOR SURPLUS,C,CONSUMABLE STORES,A,Non-controlled good/Demil not required,A,NON-REPAIRABLE,H,#,5310080,8/31/2022,Success,,,,,,,1981,,,,,DGAEPM,,1. Shelving,0.1,,,,,,,
00-1191972:NSN,"FILTER,BAND PASS",5915,Filters/Networks,#,Not assigned,3,25CFSD SERV,SHA,134Y151D,6,0.000 EA,0.000 EA,1.000 EA,1,EA,each,N604,DGMEPM,234,(M)D MAR P 4-2-3-3,#,250.00 CAD,1B,Z,ITEM UNDER REVIEW FOR SURPLUS,C,CONSUMABLE STORES,F,Controlled/Demil refer to tech auth,A,NON-REPAIRABLE,G,#,5302241,8/23/2022,Success,,,,,,,1984,,,,,DGMEPM,,1. Shelving,0.1,,,,,,,
00-1339666:NSN,"DOOR,ACCESS",5342,"Hardware, Weapon Sys",#,Not assigned,3,25CFSD SERV,SHA,182Z153A,6,0.000 EA,0.000 EA,165.000 EA,165,EA,each,L639,DGLEPM,720,(L) DLEPS 6-5-3,#,42.81 CAD,1B,Z,ITEM UNDER REVIEW FOR SURPLUS,C,CONSUMABLE STORES,Q,Non-controlled good/Demil not required,A,NON-REPAIRABLE,H,#,5294233,8/12/2022,Success,,,,,,,1976,,,,,DGLEPM,,1. Shelving,0.1,,,,,,,
00-1448850:NSN,"BEARING,BALL,ANNULAR",3110,"Bearings, Antifricti",Q,Q,3,25CFSD SERV,SHA,114V121B,6,0.000 EA,0.000 EA,2.000 EA,2,EA,each,N268,DGMEPM,234,(M)D MAR P 4-2-3-3,#,2.53 CAD,1B,Z,ITEM UNDER REVIEW FOR SURPLUS,C,CONSUMABLE STORES,A,Non-controlled good/Demil not required,A,NON-REPAIRABLE,H,6/15/2022,5242076,6/15/2022,Success,,,,,,,1968,,,,,DGMEPM,,1. Shelving,0.1,,,,,,,
00-1721558:NSN,"SPRING,COCKING LEVE",1095,"Weapons, Miscellaneo",#,Not assigned,3,25CFSD SERV,SHA,134L116C,6,0.000 EA,0.000 EA,1.000 EA,1,EA,each,A31C,DGAEPM,52V,(A) DAP 6-3-5-B,#,12.05 CAD,1B,Z,ITEM UNDER REVIEW FOR SURPLUS,C,CONSUMABLE STORES,A,Non-controlled good/Demil not required,A,NON-REPAIRABLE,H,#,5295052,8/15/2022,Success,,,,,,,1972,,,,,DGAEPM,,1. Shelving,0.1,,,,,,,
00-2049919:NSN,"CONTACT ASSEMBLY,ELECTRICAL",5999,Misc Electric Compnt,#,Not assigned,3,25CFSD SERV,SHA,174E142D,6,0.000 EA,0.000 EA,5.000 EA,5,EA,each,A005,DGAEPM,49F,(A) DAP   7-2-2-2,#,75.67 CAD,1B,Z,ITEM UNDER REVIEW FOR SURPLUS,C,CONSUMABLE STORES,A,Non-controlled good/Demil not required,A,NON-REPAIRABLE,H,#,5311453,9/1/2022,Success,,,,,,,No Return,,,,,DGAEPM,,1. Shelving,0.1,,,,,,,
00-0018826:NSN,"CONNECTOR,RECEPTACLE,ELECTRICAL",5935,"Connectors, Electric",#,Not assigned,3,25CFSD SERV,SHA,162N105C,6,0.000 EA,0.000 EA,2.000 EA,2,EA,each,N255,DGMEPM,LOC,LOC MANAGED ITEMS,2/9/2015,108.87 CAD,4G,G,US DOD STOCKED - COLOG ELIGIBLE,C,CONSUMABLE STORES,A,Non-controlled good/Demil not required,A,NON-REPAIRABLE,H,#,4910720,9/29/2021,Success,,,,,,,1980,,,,,DGMEPM,,1. Shelving,0.1,,,,,,,
00-0108612:NSN,"INSULATOR,BUSHING",5970,Electrical Insulator,#,Not assigned,6,25CFSD Disposal,DIS,PO14-005,#,0.000 EA,0.000 EA,7.000 EA,7,EA,each,A32K,DGAEPM,52L,(A) DAP 6-2-3B,10/2/2013,101.93 CAD,1D,D,LIMITED SUBORDINATE ITEM,C,CONSUMABLE STORES,A,Non-controlled good/Demil not required,A,NON-REPAIRABLE,H,#,5145032,3/31/2022,Success,,,,,,,2001,,,,,DGAEPM,,1. Shelving,0.1,,,,,,,
00-0850219:NSN,"INSERT,SCREW THREAD",5325,Fastening Devices,#,Not assigned,3,25CFSD SERV,SHA,154V120B,6,0.000 EA,0.000 EA,193.000 EA,193,EA,each,N308,DGMEPM,29B,(M)D MAR P 4-3-5-8,10/2/2013,2.48 CAD,4G,P,US DOD STOCKED - COLOG ELIGIBLE,C,CONSUMABLE STORES,A,Non-controlled good/Demil not required,A,NON-REPAIRABLE,H,#,266021,3/25/2021,Success,,,,,,,1968,,,,,DGMEPM,,1. Shelving,0.1,,,,,,,
00-1794324:NSN,"LENS,LIGHT",6220,Electric Veh Lights,#,Not assigned,3,25CFSD SERV,SHA,106E140D,6,0.000 EA,0.000 EA,97.000 EA,14,EA,each,L66D,DGLEPM,66N,(L) DLP 5-2-2-4,10/2/2020,10.21 CAD,4G,P,US DOD STOCKED - COLOG ELIGIBLE,C,CONSUMABLE STORES,A,Non-controlled good/Demil not required,A,NON-REPAIRABLE,H,9/10/2021,4872728,3/11/2022,Success,,,,,,,1974,,,,,DGLEPM,,1. Shelving,0.1,,,,,,,
00-1794324:NSN,"LENS,LIGHT",6220,Electric Veh Lights,#,Not assigned,3,25CFSD SERV,SHA,106E142B,6,0.000 EA,0.000 EA,97.000 EA,8,EA,each,L66D,DGLEPM,66N,(L) DLP 5-2-2-4,3/11/2022,10.21 CAD,4G,P,US DOD STOCKED - COLOG ELIGIBLE,C,CONSUMABLE STORES,A,Non-controlled good/Demil not required,A,NON-REPAIRABLE,H,#,5113926,8/9/2022,Success,,,,,,,,,,,,,,,,,,,,,,
00-1794324:NSN,"LENS,LIGHT",6220,Electric Veh Lights,#,Not assigned,3,25CFSD SERV,SHA,106F139D,6,0.000 EA,0.000 EA,97.000 EA,10,EA,each,L66D,DGLEPM,66N,(L) DLP 5-2-2-4,8/22/2022,10.21 CAD,4G,P,US DOD STOCKED - COLOG ELIGIBLE,C,CONSUMABLE STORES,A,Non-controlled good/Demil not required,A,NON-REPAIRABLE,H,#,5301913,8/22/2022,Success,,,,,,,,,,,,,,,,,,,,,,
00-0044011:NSN,"SPACER,SLEEVE",5365,Rings/Shims/Spacers,#,Not assigned,6,25CFSD Disposal,DIS,PO14-090,24,0.000 EA,0.000 EA,15.000 EA,15,EA,each,A32C,DGAEPM,52L,(A) DAP 6-2-3B,10/2/2013,0.03 CAD,4N,X,CENTRALIZED MGMT-NORMAL DMND PROCESSING,C,CONSUMABLE STORES,A,Non-controlled good/Demil not required,A,NON-REPAIRABLE,H,#,5226487,6/2/2022,Success,,,,,,,1978,,,,,DGAEPM,,1. Shelving,0.1,,,,,,,
00-0047024:NSN,"HOSE ASSEMBLY,NONMETALLIC",4720,Hose/Tubes Flexible,U,SLM-NON EXTENDABLE SHELF LIFE TYPE,6,25CFSD Disposal,SHA,132G197A,6,0.000 EA,0.000 EA,4.000 EA,4,EA,each,A51H,DGAEPM,52D,(A) DAP 6-2-4-K,10/2/2013,370.00 CAD,4A,X,ITEM IS SUBJECT TO SHELF LIFE,C,CONSUMABLE STORES,A,Non-controlled good/Demil not required,A,NON-REPAIRABLE,H,#,4017761,8/29/2019,Success,,,,,,,1980,,,,,DGAEPM,,1. Shelving,0.1,,,,,,,
00-0067374:NSN,"KIT,LANDING GEAR MA",1620,Aircraft Landing Gea,U,SLM-NON EXTENDABLE SHELF LIFE TYPE,6,25CFSD Disposal,SHA,132M194A,6,0.000 EA,0.000 EA,1.000 EA,1,EA,each,MA02,DGAEPM,58V,(A) DAP 4/OWSM/SM,10/3/2013,"3,195.75 CAD",4A,X,ITEM IS SUBJECT TO SHELF LIFE,C,CONSUMABLE STORES,Q,Non-controlled good/Demil not required,A,NON-REPAIRABLE,H,#,1334973,5/5/2014,Success,,,,,,,1983,,,,,DGAEPM,,1. Shelving,0.1,,,,,,,
00-0072808:NSN,"CABLE ASSEMBLY,SPEC",5995,Cable/Cord/Wire Asse,Q,Q,6,25CFSD Disposal,DIS,PO14-205,24,0.000 EA,0.000 EA,1.000 EA,1,EA,each,A306,DGAEPM,52N,(A) DAP 6-2-4K,6/9/2016,"2,555.00 CAD",4N,X,CENTRALIZED MGMT-NORMAL DMND PROCESSING,A,ACCOUNTABLE STORES,A,Non-controlled good/Demil not required,B,3RD LINE ONLY,G,#,5264333,7/13/2022,Success,,,,,,,2016,,,,,DGAEPM,,1. Shelving,0.1,,,,,,,
00-0076143:NSN,O-RING,5331,O-Rings,V,SLM-HUMIDIFIED STORAGE-NON EXTENDABLE SL,6,25CFSD Disposal,SHA,132H181D,6,0.000 EA,0.000 EA,303.000 EA,273,EA,each,L31H,DGLEPM,35E,(L) DLP 6-3-3-3C,10/3/2013,0.51 CAD,4A,X,ITEM IS SUBJECT TO SHELF LIFE,C,CONSUMABLE STORES,A,Non-controlled good/Demil not required,A,NON-REPAIRABLE,H,#,2358371,5/31/2016,Success,,,,,,,1980,,,,,DGLEPM,,1. Shelving,0.1,,,,,,,
00-0076143:NSN,O-RING,5331,O-Rings,V,SLM-HUMIDIFIED STORAGE-NON EXTENDABLE SL,6,25CFSD Disposal,SHA,132N108C,6,0.000 EA,0.000 EA,303.000 EA,30,EA,each,L31H,DGLEPM,35E,(L) DLP 6-3-3-3C,10/3/2013,0.51 CAD,4A,X,ITEM IS SUBJECT TO SHELF LIFE,C,CONSUMABLE STORES,A,Non-controlled good/Demil not required,A,NON-REPAIRABLE,H,#,2358372,5/31/2016,Success,,,,,,,,,,,,,,,,,,,,,,
00-1490758:NSN,"MOUNTING BASE,ELECTRICAL EQUIPMENT",5826,Radio Nav Eq Airborn,Q,Q,5,25CFSD Rep Res,4RP,044B252A,19,0.000 EA,0.000 EA,3.000 EA,3,EA,each,A32X,DGAEPM,55H,(A) DAP 4-3-5-2,1/10/2022,834.30 CAD,4N,X,CENTRALIZED MGMT-NORMAL DMND PROCESSING,A,ACCOUNTABLE STORES,Q,Non-controlled good/Demil not required,D,2ND LINE WKSP ONLY,G,#,5042511,1/11/2022,Success,,,,,,,1975,,,,,DGAEPM,,1. Shelving,0.1,,,,,,,
00-1523512:NSN,"SIGHT,BORE,OPTICAL",1240,Optical Sighting,#,Not assigned,5,25CFSD Rep Res,4RP,044M253B,19,0.000 EA,0.000 EA,4.000 EA,1,EA,each,L31F,DGLEPM,30C,(L) DLP 3-4-C1,10/2/2013,"2,500.00 CAD",1R,X,QD MESSAGE FORMAT,A,ACCOUNTABLE STORES,Q,Non-controlled good/Demil not required,D,2ND LINE WKSP ONLY,G,#,5196742,5/10/2022,Success,,,,,,,1975,,,,,DGLEPM,,1. Shelving,0.1,,,,,,,
00-1523512:NSN,"SIGHT,BORE,OPTICAL",1240,Optical Sighting,#,Not assigned,5,25CFSD Rep Res,4RP,092C224A,19,0.000 EA,0.000 EA,4.000 EA,3,EA,each,L31F,DGLEPM,30C,(L) DLP 3-4-C1,10/2/2013,"2,500.00 CAD",1R,X,QD MESSAGE FORMAT,A,ACCOUNTABLE STORES,Q,Non-controlled good/Demil not required,D,2ND LINE WKSP ONLY,G,#,405951,7/4/2018,Success,,,,,,,,,,,,,,,,,,,,,,
00-2013507:NSN,FUZE SETTER,1290,Misc Fire Control Eq,#,Not assigned,5,25CFSD Rep Res,4RP,092E239A,19,0.000 EA,0.000 EA,1.000 EA,1,EA,each,L63G,DGLEPM,63B,(L) DLP 4-2-1-2,12/12/2018,15.36 CAD,4N,X,CENTRALIZED MGMT-NORMAL DMND PROCESSING,A,ACCOUNTABLE STORES,Q,Non-controlled good/Demil not required,D,2ND LINE WKSP ONLY,H,#,3639919,12/20/2018,Success,,,,,,,1986,,,,,DGLEPM,,1. Shelving,0.1,,,,,,,
00-4980224:NSN,TRACTOR ASSEMBLY,5815,Teletype/Fax Eqpmt,#,Not assigned,5,25CFSD Rep Res,4RP,092J217A,19,0.000 EA,0.000 EA,1.000 EA,1,EA,each,A31Q,DGAEPM,52J,(A) DAP 6-2-3A,9/14/2018,390.00 CAD,4N,X,CENTRALIZED MGMT-NORMAL DMND PROCESSING,A,ACCOUNTABLE STORES,A,Non-controlled good/Demil not required,D,2ND LINE WKSP ONLY,H,#,3511205,9/18/2018,Success,,,,,,,1979,,,,,DGAEPM,,1. Shelving,0.1,,,,,,,
00-5164724:NSN,"FILTER,FLUID",1650,Aircraft Hydraulic,#,Not assigned,5,25CFSD Rep Res,4RP,044E206A,19,0.000 EA,0.000 EA,2.000 EA,2,EA,each,AB05,DGAEPM,54B,(A)  DAP 2-2-5-2,5/14/2019,145.55 CAD,4N,X,CENTRALIZED MGMT-NORMAL DMND PROCESSING,A,ACCOUNTABLE STORES,A,Non-controlled good/Demil not required,D,2ND LINE WKSP ONLY,H,#,3976475,8/13/2019,Success,,,,,,,1967,,,,,DGAEPM,,1. Shelving,0.1,,,,,,,
00-0191405:NSN,"SHEARS,METAL CUTTIN",5130,"Hand Tools, Power Dr",#,Not assigned,3,25CFSD SERV,SHA,104Z102B,6,0.000 EA,0.000 EA,1.000 EA,1,EA,each,A51H,DGAEPM,52D,(A) DAP 6-2-4-K,10/2/2013,"1,567.20 CAD",1J,X,DEMAND DIRECT ON ATESS,C,CONSUMABLE STORES,A,Non-controlled good/Demil not required,A,NON-REPAIRABLE,G,4/13/2021,61493,10/2/2013,Success,,,,,,,1979,,,,,DGAEPM,,1. Shelving,0.1,,,,,,,
01-0672584:NSN,"WIRE ROPE ASSEMBLY,SINGLE LEG",4010,Chain/Wire Rope,#,Not assigned,3,25CFSD SERV,SHA,182D117C,6,0.000 EA,0.000 EA,2.000 EA,2,EA,each,A51H,DGAEPM,52D,(A) DAP 6-2-4-K,2/9/2022,245.16 CAD,1J,X,DEMAND DIRECT ON ATESS,C,CONSUMABLE STORES,A,Non-controlled good/Demil not required,A,NON-REPAIRABLE,H,#,5070193,7/18/2022,Success,,,,,,,1985,,,,,DGAEPM,,1. Shelving,0.1,,,,,,,
01-2913366:NSN,"COVER,PROTECTIVE",1730,Aircraft Ground Serv,#,Not assigned,3,25CFSD SERV,SHA,164M158B,6,0.000 EA,0.000 EA,1.000 EA,1,EA,each,A52F,DGAEPM,50W,(A) DAP 5-3-2-5,10/2/2013,"1,651.23 CAD",1J,X,DEMAND DIRECT ON ATESS,A,ACCOUNTABLE STORES,A,Non-controlled good/Demil not required,D,2ND LINE WKSP ONLY,G,7/28/2021,361833,3/14/2022,Success,,,,,,,1989,,,,,DGAEPM,,1. Shelving,0.1,,,,,,,
01-3656755:NSN,"METER,ILLUMINATION INTENSITY",6695,Combination/Misc Ins,#,Not assigned,5,25CFSD Rep Res,4RP,068J222B,19,0.000 EA,0.000 EA,1.000 EA,1,EA,each,UX02,DGAEPM,55G,(A) DAP 4-3-5-2-4,8/9/2018,633.40 CAD,1J,X,DEMAND DIRECT ON ATESS,A,ACCOUNTABLE STORES,A,Non-controlled good/Demil not required,B,3RD LINE ONLY,G,#,4243685,1/27/2020,Success,,,,,,,1992,,,,,DGAEPM,,1. Shelving,0.1,,,,,,,
01-4182727:NSN,"WIRE ROPE ASSEMBLY,SINGLE LEG",4010,Chain/Wire Rope,#,Not assigned,3,25CFSD SERV,SHA,134AB153P,6,0.000 EA,0.000 EA,3.000 EA,2,EA,each,A51H,DGAEPM,52D,(A) DAP 6-2-4-K,3/8/2021,98.50 CAD,1J,X,DEMAND DIRECT ON ATESS,C,CONSUMABLE STORES,A,Non-controlled good/Demil not required,A,NON-REPAIRABLE,H,#,4635286,4/6/2021,Success,,,,,,,1995,,,,,DGAEPM,,1. Shelving,0.1,,,,,,,
01-4182727:NSN,"WIRE ROPE ASSEMBLY,SINGLE LEG",4010,Chain/Wire Rope,#,Not assigned,3,25CFSD SERV,SHA,134N183B,6,0.000 EA,0.000 EA,3.000 EA,1,EA,each,A51H,DGAEPM,52D,(A) DAP 6-2-4-K,2/18/2014,98.50 CAD,1J,X,DEMAND DIRECT ON ATESS,C,CONSUMABLE STORES,A,Non-controlled good/Demil not required,A,NON-REPAIRABLE,H,3/12/2020,4313780,4/6/2021,Success,,,,,,,,,,,,,,,,,,,,,,
01-6800090:NSN,LABELING MACHINE,7490,Misc Office Machines,Q,Q,3,25CFSD SERV,SHA,132Y119C,6,0.000 EA,0.000 EA,1.000 EA,1,EA,each,L330,DGLEPM,37H,(L) DLP 6-3-7-2,5/13/2021,380.00 CAD,2F,X,DENTAL MATERIEL,A,ACCOUNTABLE STORES,A,Non-controlled good/Demil not required,A,NON-REPAIRABLE,H,#,4748296,6/10/2021,Success,,,,,,,2019,,,,,DGLEPM,,1. Shelving,0.1,,,,,,,
01-6878483:NSN,"STERILIZER,SURGICAL INSTRUMENT",6530,Hospital Furniture/E,Q,Q,3,25CFSD SERV,HPA,046E207B,14,0.000 EA,0.000 EA,4.000 EA,2,EA,each,L330,DGLEPM,37H,(L) DLP 6-3-7-2,11/2/2021,"6,000.00 CAD",2F,X,DENTAL MATERIEL,A,ACCOUNTABLE STORES,A,Non-controlled good/Demil not required,B,3RD LINE ONLY,G,#,4964131,11/2/2021,Success,,,,,,,2020,,,,,DGLEPM,,2. Pallet,1,,,,,,,
01-6878483:NSN,"STERILIZER,SURGICAL INSTRUMENT",6530,Hospital Furniture/E,Q,Q,3,25CFSD SERV,HPA,046E215B,14,0.000 EA,0.000 EA,4.000 EA,2,EA,each,L330,DGLEPM,37H,(L) DLP 6-3-7-2,11/2/2021,"6,000.00 CAD",2F,X,DENTAL MATERIEL,A,ACCOUNTABLE STORES,A,Non-controlled good/Demil not required,B,3RD LINE ONLY,G,#,4964132,11/2/2021,Success,,,,,,,,,,,,,,,,,,,,,,
01-6912483:NSN,DENTAL OPERATING UNIT,6520,Dental Instruments,Q,Q,3,25CFSD SERV,SHA,104N168A,6,0.000 EA,0.000 EA,1.000 EA,1,EA,each,L330,DGLEPM,37H,(L) DLP 6-3-7-2,3/9/2021,"2,700.00 CAD",2F,X,DENTAL MATERIEL,A,ACCOUNTABLE STORES,A,Non-controlled good/Demil not required,B,3RD LINE ONLY,G,#,4603901,4/29/2022,Success,,,,,,,2020,,,,,DGLEPM,,1. Shelving,0.1,,,,,,,
01-6962234:NSN,"CASE,DENTAL INSTRUMENTS",6520,Dental Instruments,Q,Q,3,25CFSD SERV,HPA,050B217A,13,0.000 EA,0.000 EA,95.000 EA,95,EA,each,L330,DGLEPM,37H,(L) DLP 6-3-7-2,1/11/2022,125.00 CAD,2F,X,DENTAL MATERIEL,A,ACCOUNTABLE STORES,A,Non-controlled good/Demil not required,A,NON-REPAIRABLE,H,1/11/2022,5042033,3/1/2022,Success,,,,,,,2021,,,,,DGLEPM,,2. Pallet,1,,,,,,,
20-0128576:NSN,"COUPLER,DENTAL HANDPIECE",6520,Dental Instruments,Q,Q,3,25CFSD SERV,SHA,172X167D,6,0.000 EA,0.000 EA,6.000 EA,6,EA,each,L330,DGLEPM,37H,(L) DLP 6-3-7-2,9/30/2020,290.00 CAD,2F,X,DENTAL MATERIEL,A,ACCOUNTABLE STORES,A,Non-controlled good/Demil not required,B,3RD LINE ONLY,H,#,4858536,11/22/2021,Success,,,,,,,2020,,,,,DGLEPM,,1. Shelving,0.1,,,,,,,
00-0190670:NSN,"WASHER,LOCK",5310,Nuts/Washers,B,FIRST LEVEL SUBMARINE SPARE,3,25CFSD SERV,SHA,108D137E,6,0.000 HD,0.000 HD,58.000 HD,58,HD,Hundred,N041,DGMEPM,240,(M)D MAR P 3-4-2-4,10/2/2013,0.69 CAD,3A,X,ASD-DEMAND FROM PRIME CONTRACTOR,C,CONSUMABLE STORES,A,Non-controlled good/Demil not required,A,NON-REPAIRABLE,H,#,61287,10/2/2013,Success,,,,,,,1964,,,,,DGMEPM,,1. Shelving,0.1,,,,,,,
00-0207934:NSN,"BOOT,DUST AND MOISTURE SEAL",5930,Switches,S,SLM-REQUIRES PERIODIC TEST/RESTORATION,3,25CFSD SERV,SHA,132V115D,6,0.000 EA,100.000 EA,92.000 EA,92,EA,each,N296,DGMEPM,240,(M)D MAR P 3-4-2-4,10/2/2013,1.43 CAD,3A,X,ASD-DEMAND FROM PRIME CONTRACTOR,C,CONSUMABLE STORES,A,Non-controlled good/Demil not required,A,NON-REPAIRABLE,H,#,3840297,8/7/2019,Success,,,,,,,1978,,,,,DGMEPM,,1. Shelving,0.1,,,,,,,
00-0207934:NSN,"BOOT,DUST AND MOISTURE SEAL",5930,Switches,S,SLM-REQUIRES PERIODIC TEST/RESTORATION,3,25CFSD SERV,SHA,132X101A,6,0.000 EA,100.000 EA,92.000 EA,100,EA,each,N296,DGMEPM,240,(M)D MAR P 3-4-2-4,10/3/2016,1.43 CAD,3A,X,ASD-DEMAND FROM PRIME CONTRACTOR,C,CONSUMABLE STORES,A,Non-controlled good/Demil not required,A,NON-REPAIRABLE,H,#,2523792,10/3/2016,Success,,,,,,,,,,,,,,,,,,,,,,
00-1840836:NSN,"FUSE,CARTRIDGE",5920,Fuses/Arresters/Abso,#,Not assigned,3,25CFSD SERV,SHA,134L108D,6,0.000 EA,0.000 EA,91.000 EA,91,EA,each,N041,DGMEPM,240,(M)D MAR P 3-4-2-4,10/2/2013,0.39 CAD,3A,X,ASD-DEMAND FROM PRIME CONTRACTOR,C,CONSUMABLE STORES,A,Non-controlled good/Demil not required,A,NON-REPAIRABLE,H,#,723254,10/3/2013,Success,,,,,,,1963,,,,,DGMEPM,,1. Shelving,0.1,,,,,,,
00-4032670:NSN,"FUSE,CARTRIDGE",5920,Fuses/Arresters/Abso,#,Not assigned,3,25CFSD SERV,SHA,118P110D,6,0.000 EA,0.000 EA,20.000 EA,11,EA,each,N044,DGMEPM,240,(M)D MAR P 3-4-2-4,10/2/2013,1.35 CAD,3A,X,ASD-DEMAND FROM PRIME CONTRACTOR,C,CONSUMABLE STORES,A,Non-controlled good/Demil not required,A,NON-REPAIRABLE,H,#,19461,2/11/2014,Success,,,,,,,1988,,,,,DGMEPM,,1. Shelving,0.1,,,,,,,
00-4032670:NSN,"FUSE,CARTRIDGE",5920,Fuses/Arresters/Abso,#,Not assigned,3,25CFSD SERV,SHA,154N152D,6,0.000 EA,0.000 EA,20.000 EA,9,EA,each,N044,DGMEPM,240,(M)D MAR P 3-4-2-4,10/2/2013,1.35 CAD,3A,X,ASD-DEMAND FROM PRIME CONTRACTOR,C,CONSUMABLE STORES,A,Non-controlled good/Demil not required,A,NON-REPAIRABLE,H,#,19494,10/2/2013,Success,,,,,,,,,,,,,,,,,,,,,,
00-1675122:NSN,O-RING,5331,O-Rings,Q,Q,3,25CFSD SERV,SHA,156X153M,6,0.000 EA,0.000 EA,"2,357.000 EA",2357,EA,each,N903,DGMEPM,26E,(M)D MAR P 7-2-5-4,10/2/2013,1.34 CAD,3B,X,PFC APPLIES,C,CONSUMABLE STORES,A,Non-controlled good/Demil not required,A,NON-REPAIRABLE,H,11/8/2018,3586501,11/8/2018,Success,,,,,,,1975,,,,,DGMEPM,,1. Shelving,0.1,,,,,,,
00-9520341:NSN,O-RING,5331,O-Rings,U,SLM-NON EXTENDABLE SHELF LIFE TYPE,3,25CFSD SERV,SHA,132H159B,6,0.000 EA,0.000 EA,1.000 EA,1,EA,each,A56B,DGAEPM,52X,(A) DAP 4-3-5-2-4,7/9/2020,9.94 CAD,3B,X,PFC APPLIES,C,CONSUMABLE STORES,A,Non-controlled good/Demil not required,A,NON-REPAIRABLE,H,#,4377378,7/9/2020,Success,,,,,,,1968,,,,,DGAEPM,,1. Shelving,0.1,,,,,,,
01-0788858:NSN,GASKET,5330,Packing/Gasket Mater,#,Not assigned,3,25CFSD SERV,SHA,108Y177C,6,0.000 EA,0.000 EA,44.000 EA,44,EA,each,A304,DGAEPM,52K,(A) DAP 6-3-5B,5/23/2014,3.97 CAD,3B,X,PFC APPLIES,C,CONSUMABLE STORES,A,Non-controlled good/Demil not required,A,NON-REPAIRABLE,H,9/15/2021,4882328,9/15/2021,Success,,,,,,,1985,,,,,DGAEPM,,1. Shelving,0.1,,,,,,,
01-0805023:NSN,GASKET,5330,Packing/Gasket Mater,#,Not assigned,3,25CFSD SERV,SHA,134T118A,6,0.000 EA,0.000 EA,673.000 EA,673,EA,each,A304,DGAEPM,52K,(A) DAP 6-3-5B,10/2/2013,4.00 CAD,3B,X,PFC APPLIES,C,CONSUMABLE STORES,A,Non-controlled good/Demil not required,A,NON-REPAIRABLE,H,#,729775,3/26/2018,Success,,,,,,,1985,,,,,DGAEPM,,1. Shelving,0.1,,,,,,,
01-3473291:NSN,"LIGHT,INDICATOR",6210,Indoor/Outdoor Light,#,Not assigned,3,25CFSD SERV,SHA,136F118B3,6,0.000 EA,0.000 EA,5.000 EA,5,EA,each,NM16,DGMEPM,21C,(M)D MAR P 7-2-2-2,10/3/2013,118.71 CAD,3B,X,PFC APPLIES,C,CONSUMABLE STORES,A,Non-controlled good/Demil not required,A,NON-REPAIRABLE,H,#,856970,5/4/2015,Success,,,,,,,1991,,,,,DGMEPM,,1. Shelving,0.1,,,,,,,
01-3473296:NSN,"LIGHT,INDICATOR",6210,Indoor/Outdoor Light,#,Not assigned,3,25CFSD SERV,SHA,108J105F2,6,0.000 EA,0.000 EA,4.000 EA,4,EA,each,NM16,DGMEPM,21C,(M)D MAR P 7-2-2-2,10/3/2013,118.52 CAD,3B,X,PFC APPLIES,C,CONSUMABLE STORES,A,Non-controlled good/Demil not required,A,NON-REPAIRABLE,H,#,856994,5/4/2015,Success,,,,,,,1991,,,,,DGMEPM,,1. Shelving,0.1,,,,,,,
00-2284386:NSN,"CONNECTOR,RECEPTACLE,ELECTRICAL",5935,"Connectors, Electric",Q,Q,3,25CFSD SERV,SHA,156V162D,6,0.000 EA,0.000 EA,2.000 EA,2,EA,each,L33P,DGLEPM,67A,(L) DLP 6-3-6C,4/28/2017,3.00 CAD,3G,X,CALL UP AGAINST STANDING OFFER,C,CONSUMABLE STORES,A,Non-controlled good/Demil not required,A,NON-REPAIRABLE,H,#,2815938,5/30/2022,Success,,,,,,,1989,,,,,DGLEPM,,1. Shelving,0.1,,,,,,,
00-2871784:NSN,"ADAPTER,STRAIGHT,PIPE TO HOSE",4730,Hose/Pipe Fittings,#,Not assigned,3,25CFSD SERV,SHA,182R149A,6,0.000 EA,0.000 EA,1.000 EA,1,EA,each,N285,DGMEPM,28B,(M)D MAR P 4-3-5-4,#,1.18 CAD,3G,X,CALL UP AGAINST STANDING OFFER,C,CONSUMABLE STORES,A,Non-controlled good/Demil not required,A,NON-REPAIRABLE,H,#,5288879,8/5/2022,Success,,,,,,,1972,,,,,DGMEPM,,1. Shelving,0.1,,,,,,,
00-5192714:NSN,"BUS,CONDUCTOR",6150,Misc Electric Pwr Eq,Q,Q,3,25CFSD SERV,SHA,108E119C3,6,0.000 EA,0.000 EA,138.000 EA,28,EA,each,N904,DGMEPM,49G,(P) D SVCS C 2323,10/2/2013,2.38 CAD,3G,X,CALL UP AGAINST STANDING OFFER,C,CONSUMABLE STORES,A,Non-controlled good/Demil not required,A,NON-REPAIRABLE,H,7/13/2021,4792750,7/13/2021,Success,,,,,,,1963,,,,,DGMEPM,,1. Shelving,0.1,,,,,,,
00-5192714:NSN,"BUS,CONDUCTOR",6150,Misc Electric Pwr Eq,Q,Q,3,25CFSD SERV,SHA,114K187A,6,0.000 EA,0.000 EA,138.000 EA,110,EA,each,N904,DGMEPM,49G,(P) D SVCS C 2323,10/2/2013,2.38 CAD,3G,X,CALL UP AGAINST STANDING OFFER,C,CONSUMABLE STORES,A,Non-controlled good/Demil not required,A,NON-REPAIRABLE,H,5/18/2021,4718396,5/18/2021,Success,,,,,,,,,,,,,,,,,,,,,,
00-8504812:NSN,"FUSE,CARTRIDGE",5920,Fuses/Arresters/Abso,#,Not assigned,3,25CFSD SERV,SHA,122E122C,6,0.000 EA,0.000 EA,9.000 EA,9,EA,each,N22C,DGMEPM,24B,(M)D MAR P 4-3-2-3,10/2/2013,12.42 CAD,3G,X,CALL UP AGAINST STANDING OFFER,C,CONSUMABLE STORES,A,Non-controlled good/Demil not required,A,NON-REPAIRABLE,H,#,492513,5/14/2014,Success,,,,,,,1968,,,,,DGMEPM,,1. Shelving,0.1,,,,,,,
00-9202718:NSN,"RESISTOR,VOLTAGE SENSITIVE",5905,Resistors,Q,Q,3,25CFSD SERV,SHA,156L151F3,6,0.000 EA,0.000 EA,37.000 EA,22,EA,each,L33P,DGLEPM,67A,(L) DLP 6-3-6C,10/3/2013,6.71 CAD,3G,X,CALL UP AGAINST STANDING OFFER,C,CONSUMABLE STORES,A,Non-controlled good/Demil not required,A,NON-REPAIRABLE,H,9/23/2021,4897755,9/23/2021,Success,,,,,,,2001,,,,,DGLEPM,,1. Shelving,0.1,,,,,,,
00-0039451:NSN,"PACKING,PREFORMED",5330,Packing/Gasket Mater,U,SLM-NON EXTENDABLE SHELF LIFE TYPE,3,25CFSD SERV,SHA,132L184B,6,0.000 EA,0.000 EA,8.000 EA,8,EA,each,A57G,DGAEPM,52W,(A) DAP 4-3-5-2-4,12/11/2013,28.50 CAD,4B,X,DISPERSED NATIONAL STOCK,C,CONSUMABLE STORES,A,Non-controlled good/Demil not required,A,NON-REPAIRABLE,H,3/28/2019,3774321,3/28/2019,Success,,,,,,,1974,,,,,DGAEPM,,1. Shelving,0.1,,,,,,,
00-0196127:NSN,"VALVE,DIRECTIONAL F",1650,Aircraft Hydraulic,#,Not assigned,5,25CFSD Rep Res,4RP,092D207B,19,0.000 EA,0.000 EA,2.000 EA,2,EA,each,A305,DGAEPM,52N,(A) DAP 6-2-4K,5/25/2018,"18,000.00 CAD",4B,X,DISPERSED NATIONAL STOCK,A,ACCOUNTABLE STORES,Q,Non-controlled good/Demil not required,B,3RD LINE ONLY,G,1/16/2019,3361198,8/23/2022,Success,,,,,,,1978,,,,,DGAEPM,,1. Shelving,0.1,,,,,,,
00-1174118:NSN,"RECEIVER SUBASSEMBLY,RADAR",5841,Radar Eqpmt Airborne,#,Not assigned,5,25CFSD Rep Res,4RP,092C212A,19,0.000 EA,0.000 EA,8.000 EA,2,EA,each,A32K,DGAEPM,52L,(A) DAP 6-2-3B,5/9/2016,"11,939.55 CAD",4B,X,DISPERSED NATIONAL STOCK,A,ACCOUNTABLE STORES,D,Controlled-key components/demil-destroy,B,3RD LINE ONLY,G,1/15/2019,2391996,6/28/2016,Success,,,,,,,1978,,,,,DGAEPM,,1. Shelving,0.1,,,,,,,
00-1174118:NSN,"RECEIVER SUBASSEMBLY,RADAR",5841,Radar Eqpmt Airborne,#,Not assigned,5,25CFSD Rep Res,4RP,092E223B,19,0.000 EA,0.000 EA,8.000 EA,5,EA,each,A32K,DGAEPM,52L,(A) DAP 6-2-3B,5/9/2016,"11,939.55 CAD",4B,X,DISPERSED NATIONAL STOCK,A,ACCOUNTABLE STORES,D,Controlled-key components/demil-destroy,B,3RD LINE ONLY,G,1/16/2019,2432976,7/29/2016,Success,,,,,,,,,,,,,,,,,,,,,,
00-1174118:NSN,"RECEIVER SUBASSEMBLY,RADAR",5841,Radar Eqpmt Airborne,#,Not assigned,5,25CFSD Rep Res,4RP,140J224A,19,0.000 EA,0.000 EA,8.000 EA,1,EA,each,A32K,DGAEPM,52L,(A) DAP 6-2-3B,10/18/2021,"11,939.55 CAD",4B,X,DISPERSED NATIONAL STOCK,A,ACCOUNTABLE STORES,D,Controlled-key components/demil-destroy,B,3RD LINE ONLY,G,#,4990395,11/19/2021,Success,,,,,,,,,,,,,,,,,,,,,,
00-1487565:NSN,"BOOSTER,HYDRAULIC",1650,Aircraft Hydraulic,#,Not assigned,3,25CFSD SERV,SHA,112AK144A,6,0.000 EA,0.000 EA,3.000 EA,3,EA,each,A51H,DGAEPM,52D,(A) DAP 6-2-4-K,10/2/2013,"75,000.00 CAD",4B,X,DISPERSED NATIONAL STOCK,A,ACCOUNTABLE STORES,Q,Non-controlled good/Demil not required,B,3RD LINE ONLY,G,3/5/2021,489478,7/13/2022,Success,,,,,,,1978,,,,,DGAEPM,,1. Shelving,0.1,,,,,,,
21-8703991:NSN,"FORM,PRINTED",7530,Stationery/Forms,Q,Q,3,25CFSD SERV,SHA,144U168B,6,0.000 EA,0.000 EA,94.000 EA,94,EA,each,C001,COMMMON,32W,(L) DLP 6-3-2-C2,10/2/2013,0.01 CAD,4T,X,ELECTRONIC FORM - SEE THE DFC,C,CONSUMABLE STORES,A,Non-controlled good/Demil not required,A,NON-REPAIRABLE,H,9/14/2021,4879156,9/14/2021,Success,,,,,,,1973,,,,,DGLEPM,,1. Shelving,0.1,,,,,,,
21-8798112:NSN,"FORM,PRINTED",7530,Stationery/Forms,Q,Q,3,25CFSD SERV,HPA,042L181A,14,0.000 PG,0.000 PG,761.000 PG,761,PG,Package,C001,COMMMON,32W,(L) DLP 6-3-2-C2,10/3/2013,3.73 CAD,4T,X,ELECTRONIC FORM - SEE THE DFC,C,CONSUMABLE STORES,A,Non-controlled good/Demil not required,A,NON-REPAIRABLE,H,#,768176,11/21/2013,Success,,,,,,,1978,,,,,DGLEPM,,2. Pallet,1,,,,,,,
21-8960628:NSN,"FORM,PRINTED",7530,Stationery/Forms,Q,Q,3,25CFSD SERV,SHA,128F134B,6,0.000 PD,0.000 PD,135.000 PD,72,PD,Pad,C001,COMMMON,32W,(L) DLP 6-3-2-C2,10/2/2013,0.50 CAD,4T,X,ELECTRONIC FORM - SEE THE DFC,C,CONSUMABLE STORES,A,Non-controlled good/Demil not required,A,NON-REPAIRABLE,H,#,312019,10/2/2013,Success,,,,,,,1984,,,,,DGLEPM,,1. Shelving,0.1,,,,,,,
21-8960628:NSN,"FORM,PRINTED",7530,Stationery/Forms,Q,Q,3,25CFSD SERV,SHA,156N177D,6,0.000 PD,0.000 PD,135.000 PD,63,PD,Pad,C001,COMMMON,32W,(L) DLP 6-3-2-C2,10/2/2013,0.50 CAD,4T,X,ELECTRONIC FORM - SEE THE DFC,C,CONSUMABLE STORES,A,Non-controlled good/Demil not required,A,NON-REPAIRABLE,H,#,312001,10/2/2013,Success,,,,,,,,,,,,,,,,,,,,,,
21-8963055:NSN,"FORM,PRINTED",7530,Stationery/Forms,Q,Q,3,25CFSD SERV,SHA,118S163B,6,0.000 PD,0.000 PD,183.000 PD,22,PD,Pad,C001,COMMMON,32W,(L) DLP 6-3-2-C2,10/2/2013,0.50 CAD,4T,X,ELECTRONIC FORM - SEE THE DFC,C,CONSUMABLE STORES,A,Non-controlled good/Demil not required,A,NON-REPAIRABLE,H,#,321456,10/2/2013,Success,,,,,,,1984,,,,,DGLEPM,,1. Shelving,0.1,,,,,,,
21-8963055:NSN,"FORM,PRINTED",7530,Stationery/Forms,Q,Q,3,25CFSD SERV,SHA,122J162A,6,0.000 PD,0.000 PD,183.000 PD,66,PD,Pad,C001,COMMMON,32W,(L) DLP 6-3-2-C2,10/2/2013,0.50 CAD,4T,X,ELECTRONIC FORM - SEE THE DFC,C,CONSUMABLE STORES,A,Non-controlled good/Demil not required,A,NON-REPAIRABLE,H,#,321427,10/2/2013,Success,,,,,,,,,,,,,,,,,,,,,,
00-0179537:NSN,"PIN,GROOVED,HEADED",5315,Nails/Keys/Pins,Q,Q,3,25CFSD SERV,DR1,RTU-BOX,#,16.000 PG,0.000 PG,"4,073.000 PG",16,PG,Package,L31R,DGLEPM,32S,(L) DLP 3-4-C1,5/26/2022,3.20 CAD,1Z,X,NDHQ CONTROLLED ITEM,C,CONSUMABLE STORES,A,Non-controlled good/Demil not required,A,NON-REPAIRABLE,H,#,5218909,5/27/2022,Success,,,,,,,1984,,,,,DGLEPM,,1. Shelving,0.1,,,,,,,
00-0179537:NSN,"PIN,GROOVED,HEADED",5315,Nails/Keys/Pins,Q,Q,3,25CFSD SERV,HPA,050B254A,13,16.000 PG,0.000 PG,"4,073.000 PG",2746,PG,Package,L31R,DGLEPM,32S,(L) DLP 3-4-C1,2/12/2015,3.20 CAD,1Z,X,NDHQ CONTROLLED ITEM,C,CONSUMABLE STORES,A,Non-controlled good/Demil not required,A,NON-REPAIRABLE,H,2/16/2015,1731444,9/24/2020,Success,,,,,,,,,,,,,,,,,,,,,,
00-0179537:NSN,"PIN,GROOVED,HEADED",5315,Nails/Keys/Pins,Q,Q,3,25CFSD SERV,SHA,176X190A,6,16.000 PG,0.000 PG,"4,073.000 PG",1327,PG,Package,L31R,DGLEPM,32S,(L) DLP 3-4-C1,10/2/2013,3.20 CAD,1Z,X,NDHQ CONTROLLED ITEM,C,CONSUMABLE STORES,A,Non-controlled good/Demil not required,A,NON-REPAIRABLE,H,#,59558,8/23/2022,Success,,,,,,,,,,,,,,,,,,,,,,
00-0190877:NSN,"LAMP,INCANDESCENT",6240,Electric Lamps,#,Not assigned,3,25CFSD SERV,DR1,RTU-FLOOR,#,45.000 EA,0.000 EA,953.000 EA,45,EA,each,L66P,DGLEPM,66G,(L) DLP 5-2-5-1,8/18/2022,0.46 CAD,4G,X,US DOD STOCKED - COLOG ELIGIBLE,C,CONSUMABLE STORES,A,Non-controlled good/Demil not required,A,NON-REPAIRABLE,H,#,5305732,8/25/2022,Success,,,,,,,1963,,,,,DGLEPM,,1. Shelving,0.1,,,,,,,
00-0190877:NSN,"LAMP,INCANDESCENT",6240,Electric Lamps,#,Not assigned,3,25CFSD SERV,SHA,106X120A,6,45.000 EA,0.000 EA,953.000 EA,8,EA,each,L66P,DGLEPM,66G,(L) DLP 5-2-5-1,10/22/2020,0.46 CAD,4G,X,US DOD STOCKED - COLOG ELIGIBLE,C,CONSUMABLE STORES,A,Non-controlled good/Demil not required,A,NON-REPAIRABLE,H,#,4469685,8/31/2022,Success,,,,,,,,,,,,,,,,,,,,,,
00-0190877:NSN,"LAMP,INCANDESCENT",6240,Electric Lamps,#,Not assigned,3,25CFSD SERV,SHA,162Y119C,6,45.000 EA,0.000 EA,953.000 EA,315,EA,each,L66P,DGLEPM,66G,(L) DLP 5-2-5-1,10/22/2020,0.46 CAD,4G,X,US DOD STOCKED - COLOG ELIGIBLE,C,CONSUMABLE STORES,A,Non-controlled good/Demil not required,A,NON-REPAIRABLE,H,#,4908558,10/12/2021,Success,,,,,,,,,,,,,,,,,,,,,,
00-0200067:NSN,O-RING,5331,O-Rings,Q,Q,3,25CFSD SERV,SHA,098R101B,6,0.000 EA,199.000 EA,494.000 EA,49,EA,each,L670,DGLEPM,35E,(L) DLP 6-3-3-3C,5/13/2021,0.23 CAD,4G,X,US DOD STOCKED - COLOG ELIGIBLE,C,CONSUMABLE STORES,A,Non-controlled good/Demil not required,A,NON-REPAIRABLE,H,#,4718311,11/19/2021,Success,,,,,,,1976,,,,,DGLEPM,,1. Shelving,0.1,,,,,,,
00-0200067:NSN,O-RING,5331,O-Rings,Q,Q,3,25CFSD SERV,SHA,144S173A,6,0.000 EA,199.000 EA,494.000 EA,445,EA,each,L670,DGLEPM,35E,(L) DLP 6-3-3-3C,11/9/2018,0.23 CAD,4G,X,US DOD STOCKED - COLOG ELIGIBLE,C,CONSUMABLE STORES,A,Non-controlled good/Demil not required,A,NON-REPAIRABLE,H,10/21/2021,4944226,10/21/2021,Success,,,,,,,,,,,,,,,,,,,,,,
00-0200067:NSN,O-RING,5331,O-Rings,Q,Q,3,25CFSD SERV,SHA,144S173B,6,0.000 EA,199.000 EA,494.000 EA,199,EA,each,L670,DGLEPM,35E,(L) DLP 6-3-3-3C,4/28/2016,0.23 CAD,4G,X,US DOD STOCKED - COLOG ELIGIBLE,C,CONSUMABLE STORES,A,Non-controlled good/Demil not required,A,NON-REPAIRABLE,H,#,2317989,5/3/2016,Success,,,,,,,,,,,,,,,,,,,,,,
00-0684358:NSN,O-RING,5331,O-Rings,Q,Q,3,25CFSD SERV,SHA,132T146D,6,0.000 EA,8.000 EA,0.000 EA,8,EA,each,CA01,DGAEPM,54C,(A) DAP4/OWSM/SM,10/2/2013,0.31 CAD,4N,X,CENTRALIZED MGMT-NORMAL DMND PROCESSING,C,CONSUMABLE STORES,A,Non-controlled good/Demil not required,A,NON-REPAIRABLE,H,#,152157,10/2/2013,Success,,,,,,,1968,,,,,DGAEPM,,1. Shelving,0.1,,,,,,,
00-0718786:NSN,"HELMET,FLIGHT DECK CREWMAN'S",8415,Special Purpose Clot,#,Not assigned,3,25CFSD SERV,4RP,092D241B,19,0.000 EA,1.000 EA,152.000 EA,1,EA,each,L31E,DGLEPM,30T,(L) DLP 3-2-C`,10/2/2013,10.13 CAD,4G,X,US DOD STOCKED - COLOG ELIGIBLE,A,ACCOUNTABLE STORES,A,Non-controlled good/Demil not required,A,NON-REPAIRABLE,H,#,373965,10/2/2013,Success,,,,,,,1992,,,,,DGLEPM,,1. Shelving,0.1,,,,,,,
00-0718786:NSN,"HELMET,FLIGHT DECK CREWMAN'S",8415,Special Purpose Clot,#,Not assigned,3,25CFSD SERV,SHA,106AG112A,6,0.000 EA,1.000 EA,152.000 EA,50,EA,each,L31E,DGLEPM,30T,(L) DLP 3-2-C`,2/15/2021,10.13 CAD,4G,X,US DOD STOCKED - COLOG ELIGIBLE,A,ACCOUNTABLE STORES,A,Non-controlled good/Demil not required,A,NON-REPAIRABLE,H,#,4576457,4/10/2022,Success,,,,,,,,,,,,,,,,,,,,,,
00-1323281:NSN,OHMMETER,6625,Electric Prop-Measur,#,Not assigned,4,25CFSD NS,4RP,068B233A,19,0.000 EA,0.000 EA,1.000 EA,1,EA,each,C70F,DGLEPM,72A,(L) DLP 7-4-4-1,2/18/2015,500.00 CAD,1B,X,ITEM UNDER REVIEW FOR SURPLUS,A,ACCOUNTABLE STORES,A,Non-controlled good/Demil not required,F,2ND  LINE WKSP AND 3RD LINE,H,#,4261451,2/6/2020,Success,,,,,,,1973,,,,,DGLEPM,,1. Shelving,0.1,,,,,,,
00-1408183:NSN,"RESISTOR,DECADE",6625,Electric Prop-Measur,#,Not assigned,4,25CFSD NS,4RP,140E256A,19,0.000 EA,0.000 EA,1.000 EA,1,EA,each,C70F,DGLEPM,72A,(L) DLP 7-4-4-1,10/27/2015,"3,069.00 CAD",1N,X,BASES/STATIONS NOT TO HOLD STOCK,A,ACCOUNTABLE STORES,A,Non-controlled good/Demil not required,F,2ND  LINE WKSP AND 3RD LINE,G,#,4751804,6/14/2021,Success,,,,,,,1988,,,,,DGLEPM,,1. Shelving,0.1,,,,,,,
00-1487279:NSN,PROGRAMMER ASSY,5865,Electronic Counterme,K,CLASSIFIED ITEM,4,25CFSD NS,4RP,080E250B,19,0.000 EA,0.000 EA,1.000 EA,1,EA,each,A57C,DGAEPM,57E,(A) DAP 4-3-5-2-3,10/2/2013,"8,397.80 CAD",1P,X,ITEM IS CLASSIFIED,A,ACCOUNTABLE STORES,D,Controlled-key components/demil-destroy,B,3RD LINE ONLY,G,#,5212797,5/24/2022,Success,,,,,,,1996,,,,,DGAEPM,,1. Shelving,0.1,,,,,,,
00-1489395:NSN,"KIT,WEIGHING",6670,Scales/Balances,#,Not assigned,4,25CFSD NS,4RP,176J238B,19,0.000 EA,0.000 EA,1.000 EA,1,EA,each,AB06,DGAEPM,54B,(A)  DAP 2-2-5-2,4/24/2018,"5,000.00 CAD",4N,X,CENTRALIZED MGMT-NORMAL DMND PROCESSING,A,ACCOUNTABLE STORES,A,Non-controlled good/Demil not required,F,2ND  LINE WKSP AND 3RD LINE,G,#,4725617,5/26/2021,Success,,,,,,,1981,,,,,DGAEPM,,1. Shelving,0.1,,,,,,,
00-1523512:NSN,"SIGHT,BORE,OPTICAL",1240,Optical Sighting,#,Not assigned,4,25CFSD NS,4RP,092C224A,19,0.000 EA,0.000 EA,2.000 EA,2,EA,each,L31F,DGLEPM,30C,(L) DLP 3-4-C1,10/2/2013,"2,500.00 CAD",1R,X,QD MESSAGE FORMAT,A,ACCOUNTABLE STORES,Q,Non-controlled good/Demil not required,D,2ND LINE WKSP ONLY,G,#,504396,4/8/2022,Success,,,,,,,,,,,,,,,,,,,,,,
00-1827704:NSN,"INDICATOR,TEMPERATURE,THERMOCOUPLE",6685,Pressure/Temp/Humidi,#,Not assigned,13,25CFSD HAZMAT NS,HRA,028B076A,36,0.000 EA,0.000 EA,3.000 EA,2,EA,each,A20H,DGAEPM,56G,(A)DAP5-3-2-2-4,10/2/2013,78.65 CAD,1R,X,QD MESSAGE FORMAT,A,ACCOUNTABLE STORES,A,Non-controlled good/Demil not required,F,2ND  LINE WKSP AND 3RD LINE,H,#,721996,10/3/2013,Success,,,,,,,1978,,,,,DGAEPM,,1. Shelving,0.1,,,,,,,
00-0014076:NSN,"CONTROL,RADIO SET",5826,Radio Nav Eq Airborn,Q,Q,5,25CFSD Rep Res,4RP,044B268A,19,0.000 EA,0.000 EA,14.000 EA,14,EA,each,A32X,DGAEPM,52L,(A) DAP 6-2-3B,10/2/2013,"8,618.28 CAD",1X,X,SUBMIT OFFLINE BY E-MAIL TO SM,A,ACCOUNTABLE STORES,D,Controlled-key components/demil-destroy,N,2ND LINE RMF & 3RD LINE R&O,G,#,5313488,9/6/2022,Success,,,,,,,1973,,,,,DGAEPM,,1. Shelving,0.1,,,,,,,
00-0014077:NSN,ANTENNA,5985,Antennas/Waveguide,Q,Q,5,25CFSD Rep Res,4RP,020E201A,19,0.000 EA,0.000 EA,63.000 EA,2,EA,each,A32X,DGAEPM,52L,(A) DAP 6-2-3B,1/23/2015,510.00 CAD,4N,X,CENTRALIZED MGMT-NORMAL DMND PROCESSING,A,ACCOUNTABLE STORES,A,Non-controlled good/Demil not required,F,2ND  LINE WKSP AND 3RD LINE,G,#,3589680,11/13/2018,Success,,,,,,,1973,,,,,DGAEPM,,1. Shelving,0.1,,,,,,,
00-0014077:NSN,ANTENNA,5985,Antennas/Waveguide,Q,Q,5,25CFSD Rep Res,4RP,068E212A,19,0.000 EA,0.000 EA,63.000 EA,57,EA,each,A32X,DGAEPM,52L,(A) DAP 6-2-3B,10/2/2013,510.00 CAD,4N,X,CENTRALIZED MGMT-NORMAL DMND PROCESSING,A,ACCOUNTABLE STORES,A,Non-controlled good/Demil not required,F,2ND  LINE WKSP AND 3RD LINE,G,#,4702,11/15/2018,Success,,,,,,,,,,,,,,,,,,,,,,
00-0014077:NSN,ANTENNA,5985,Antennas/Waveguide,Q,Q,5,25CFSD Rep Res,4RP,068E214A,19,0.000 EA,0.000 EA,63.000 EA,3,EA,each,A32X,DGAEPM,52L,(A) DAP 6-2-3B,10/2/2013,510.00 CAD,4N,X,CENTRALIZED MGMT-NORMAL DMND PROCESSING,A,ACCOUNTABLE STORES,A,Non-controlled good/Demil not required,F,2ND  LINE WKSP AND 3RD LINE,G,#,936675,4/7/2020,Success,,,,,,,,,,,,,,,,,,,,,,
00-0014077:NSN,ANTENNA,5985,Antennas/Waveguide,Q,Q,5,25CFSD Rep Res,4RP,092D241A,19,0.000 EA,0.000 EA,63.000 EA,1,EA,each,A32X,DGAEPM,52L,(A) DAP 6-2-3B,9/13/2021,510.00 CAD,4N,X,CENTRALIZED MGMT-NORMAL DMND PROCESSING,A,ACCOUNTABLE STORES,A,Non-controlled good/Demil not required,F,2ND  LINE WKSP AND 3RD LINE,G,#,4880075,9/14/2021,Success,,,,,,,,,,,,,,,,,,,,,,
00-0016662:NSN,"TEST SET,COMPUTER",6625,Electric Prop-Measur,#,Not assigned,5,25CFSD Rep Res,4RP,080B212B,19,0.000 EA,0.000 EA,3.000 EA,3,EA,each,A31S,DGAEPM,52J,(A) DAP 6-2-3A,10/2/2013,"34,701.00 CAD",1E,X,ITEM SUBJECT TO SPECIAL PROCUREMENT,A,ACCOUNTABLE STORES,D,Controlled-key components/demil-destroy,B,3RD LINE ONLY,G,1/15/2019,14067,10/2/2013,Success,,,,,,,1979,,,,,DGAEPM,,1. Shelving,0.1,,,,,,,
00-0034369:NSN,"VALVE,BUTTERFLY",4810,"Valves, Powered",Q,Q,5,25CFSD Rep Res,4RP,056E258A,19,0.000 EA,0.000 EA,5.000 EA,1,EA,each,MAC2,DGAEPM,52E,(A) DAP 4/OWSM/SM,8/24/2022,"8,613.23 CAD",4N,X,CENTRALIZED MGMT-NORMAL DMND PROCESSING,A,ACCOUNTABLE STORES,Q,Non-controlled good/Demil not required,B,3RD LINE ONLY,G,#,5305658,8/25/2022,Success,,,,,,,1974,,,,,DGAEPM,,1. Shelving,0.1,,,,,,,
00-0034369:NSN,"VALVE,BUTTERFLY",4810,"Valves, Powered",Q,Q,5,25CFSD Rep Res,4RP,068E267B,19,0.000 EA,0.000 EA,5.000 EA,1,EA,each,MAC2,DGAEPM,52E,(A) DAP 4/OWSM/SM,8/9/2022,"8,613.23 CAD",4N,X,CENTRALIZED MGMT-NORMAL DMND PROCESSING,A,ACCOUNTABLE STORES,Q,Non-controlled good/Demil not required,B,3RD LINE ONLY,G,#,5293018,8/11/2022,Success,,,,,,,,,,,,,,,,,,,,,,
00-0034369:NSN,"VALVE,BUTTERFLY",4810,"Valves, Powered",Q,Q,5,25CFSD Rep Res,4RP,092J203A,19,0.000 EA,0.000 EA,5.000 EA,3,EA,each,MAC2,DGAEPM,52E,(A) DAP 4/OWSM/SM,11/10/2015,"8,613.23 CAD",4N,X,CENTRALIZED MGMT-NORMAL DMND PROCESSING,A,ACCOUNTABLE STORES,Q,Non-controlled good/Demil not required,B,3RD LINE ONLY,G,#,4381794,7/23/2020,Success,,,,,,,,,,,,,,,,,,,,,,
00-0055610:NSN,BELL CRANK,3040,Misc Power Trans Ep,#,Not assigned,5,25CFSD Rep Res,4RP,092C240B,19,0.000 EA,0.000 EA,4.000 EA,4,EA,each,A56B,DGAEPM,52X,(A) DAP 4-3-5-2-4,10/2/2013,"1,300.00 CAD",4N,X,CENTRALIZED MGMT-NORMAL DMND PROCESSING,A,ACCOUNTABLE STORES,A,Non-controlled good/Demil not required,B,3RD LINE ONLY,G,#,21646,10/2/2013,Success,,,,,,,1980,,,,,DGAEPM,,1. Shelving,0.1,,,,,,,
00-0064683:NSN,CIRCUIT CARD ASSEMBLY,5998,Electric Assem/Board,Y,ELECTROSTATIC SENSITIVE ELECTRONIC ITEMS,5,25CFSD Rep Res,4RP,092M205B,19,0.000 EA,0.000 EA,1.000 EA,1,EA,each,A57W,DGAEPM,55H,(A) DAP 4-3-5-2,10/2/2013,"1,640.00 CAD",4G,X,US DOD STOCKED - COLOG ELIGIBLE,A,ACCOUNTABLE STORES,Q,Non-controlled good/Demil not required,F,2ND  LINE WKSP AND 3RD LINE,G,#,23999,10/2/2013,Success,,,,,,,1984,,,,,DGAEPM,,1. Shelving,0.1,,,,,,,
00-0011833:NSN,"SEAL,PLAIN ENCASED",5330,Packing/Gasket Mater,#,Not assigned,3,25CFSD SERV,SHA,148G117C2,6,0.000 EA,0.000 EA,3.000 EA,3,EA,each,ND01,DGMEPM,57H,(A) DAP4-3-5-2-4-5,10/2/2013,82.60 CAD,1B,X,ITEM UNDER REVIEW FOR SURPLUS,C,CONSUMABLE STORES,A,Non-controlled good/Demil not required,A,NON-REPAIRABLE,H,#,2657,10/2/2013,Success,,,,,,,1989,,,,,DGMEPM,,1. Shelving,0.1,,,,,,,
00-0011866:NSN,CIRCUIT CARD ASSEMBLY,5998,Electric Assem/Board,Y,ELECTROSTATIC SENSITIVE ELECTRONIC ITEMS,3,25CFSD SERV,SHA,134AA121D,6,0.000 EA,0.000 EA,3.000 EA,3,EA,each,A57W,DGAEPM,55H,(A) DAP 4-3-5-2,10/2/2013,"1,084.00 CAD",4N,X,CENTRALIZED MGMT-NORMAL DMND PROCESSING,A,ACCOUNTABLE STORES,Q,Non-controlled good/Demil not required,B,3RD LINE ONLY,G,5/26/2021,2705,6/17/2014,Success,,,,,,,1984,,,,,DGAEPM,,1. Shelving,0.1,,,,,,,
00-0012593:NSN,"CAPACITOR,FIXED,ELECTROLYTIC",5910,Capacitors,Q,Q,3,25CFSD SERV,SHA,148L136F,6,0.000 EA,0.000 EA,20.000 EA,20,EA,each,CA01,DGAEPM,57N,(A) DAP4/OWSM/SM,10/2/2013,8.80 CAD,4G,X,US DOD STOCKED - COLOG ELIGIBLE,C,CONSUMABLE STORES,A,Non-controlled good/Demil not required,A,NON-REPAIRABLE,H,#,2753,10/2/2013,Success,,,,,,,1984,,,,,DGAEPM,,1. Shelving,0.1,,,,,,,
00-0013031:NSN,"RESISTOR,FIXED,COMPOSITION",5905,Resistors,Q,Q,3,25CFSD SERV,SHA,152W172B,6,0.000 EA,0.000 EA,96.000 EA,96,EA,each,C470,COMMMON,49R,(P) D SVCS C 23333,10/2/2013,0.22 CAD,4G,X,US DOD STOCKED - COLOG ELIGIBLE,C,CONSUMABLE STORES,A,Non-controlled good/Demil not required,A,NON-REPAIRABLE,H,#,2979,10/2/2013,Success,,,,,,,1981,,,,,DGMEPM,,1. Shelving,0.1,,,,,,,
00-0013256:NSN,"CORE,ELECTROMAGNETIC COMPONENT",5950,Coils/Transformers,#,Not assigned,3,25CFSD SERV,SHA,114L141B3,6,0.000 EA,0.000 EA,2.000 EA,2,EA,each,C484,COMMMON,48S,(P) D SVC C 2-3-5,10/2/2013,1.14 CAD,4G,X,US DOD STOCKED - COLOG ELIGIBLE,C,CONSUMABLE STORES,A,Non-controlled good/Demil not required,A,NON-REPAIRABLE,H,6/2/2021,4736608,6/2/2021,Success,,,,,,,1984,,,,,ADM(IM),,1. Shelving,0.1,,,,,,,
00-0013560:NSN,"TUBE ASSEMBLY,METAL",4710,"Pipes/Tubes, Rigid",#,Not assigned,3,25CFSD SERV,SHA,166V147D,6,0.000 EA,0.000 EA,1.000 EA,1,EA,each,L634,DGLEPM,65W,(L) DLP 4-2-3-2,10/2/2013,147.00 CAD,4N,X,CENTRALIZED MGMT-NORMAL DMND PROCESSING,C,CONSUMABLE STORES,A,Non-controlled good/Demil not required,A,NON-REPAIRABLE,H,#,4497,10/2/2013,Success,,,,,,,1976,,,,,DGLEPM,,1. Shelving,0.1,,,,,,,
00-0015017:NSN,"SCREW,CAP,SOCKET HEAD",5305,Screws,#,Not assigned,3,25CFSD SERV,SHA,142B187D,6,0.000 EA,0.000 EA,28.000 EA,28,EA,each,L634,DGLEPM,65T,(L) DLP 4-2-3-2,10/2/2013,16.13 CAD,1Z,X,NDHQ CONTROLLED ITEM,C,CONSUMABLE STORES,A,Non-controlled good/Demil not required,A,NON-REPAIRABLE,H,#,4871876,9/9/2021,Success,,,,,,,2006,,,,,DGLEPM,,1. Shelving,0.1,,,,,,,
00-0015390:NSN,"CABLE ASSEMBLY,CONTROL",1640,Aircraft Cntrl Cable,#,Not assigned,3,25CFSD SERV,SHA,170T147C,6,0.000 EA,0.000 EA,4.000 EA,4,EA,each,MA02,DGAEPM,58V,(A) DAP 4/OWSM/SM,10/2/2013,40.49 CAD,4N,X,CENTRALIZED MGMT-NORMAL DMND PROCESSING,C,CONSUMABLE STORES,Q,Non-controlled good/Demil not required,A,NON-REPAIRABLE,H,#,5034,10/2/2013,Success,,,,,,,1972,,,,,DGAEPM,,1. Shelving,0.1,,,,,,,
00-0015796:NSN,"CAPACITOR,FIXED,GLASS DIELECTRIC",5910,Capacitors,Q,Q,3,25CFSD SERV,SHA,154S152D3,6,0.000 EA,0.000 EA,4.000 EA,4,EA,each,A213,DGAEPM,51L,(A) DAP5/OWSS/AV,10/2/2013,47.96 CAD,4E,X,CENTRALLY MANAGED NO FURTHER PROCUREMENT,C,CONSUMABLE STORES,A,Non-controlled good/Demil not required,A,NON-REPAIRABLE,H,#,3471744,8/15/2018,Success,,,,,,,1982,,,,,DGAEPM,,1. Shelving,0.1,,,,,,,
00-0016010:NSN,"MICROCIRCUIT,DIGITAL",5962,"Microcircuits, Elect",Y,ELECTROSTATIC SENSITIVE ELECTRONIC ITEMS,3,25CFSD SERV,SHA,104P192A,6,0.000 EA,0.000 EA,550.000 EA,550,EA,each,A20H,DGAEPM,56G,(A)DAP5-3-2-2-4,10/2/2013,6.00 CAD,4N,X,CENTRALIZED MGMT-NORMAL DMND PROCESSING,C,CONSUMABLE STORES,Q,Non-controlled good/Demil not required,A,NON-REPAIRABLE,H,#,12779,10/2/2013,Success,,,,,,,1973,,,,,DGAEPM,,1. Shelving,0.1,,,,,,,
00-0016202:NSN,"VALVE,REGULATING,FLUID PRESSURE",4820,"Valves, Nonpowered",#,Not assigned,3,25CFSD SERV,SHA,118Y137D,6,0.000 EA,0.000 EA,23.000 EA,23,EA,each,UJ43,DGAEPM,53G,(A) DAP 7-2-4-3,10/2/2013,104.00 CAD,4N,X,CENTRALIZED MGMT-NORMAL DMND PROCESSING,C,CONSUMABLE STORES,A,Non-controlled good/Demil not required,A,NON-REPAIRABLE,H,#,12865,10/2/2013,Success,,,,,,,1984,,,,,DGAEPM,,1. Shelving,0.1,,,,,,,
00-0010060:NSN,"HOSE ASSEMBLY,NONMETALLIC",4720,Hose/Tubes Flexible,U,SLM-NON EXTENDABLE SHELF LIFE TYPE,3,25CFSD SERV,SHA,106U133B,6,0.000 EA,0.000 EA,11.000 EA,11,EA,each,A305,DGAEPM,52N,(A) DAP 6-2-4K,10/4/2018,94.04 CAD,1M,X,ITEM IS UNDER CRITICAL CONTROL,C,CONSUMABLE STORES,A,Non-controlled good/Demil not required,A,NON-REPAIRABLE,H,#,3554611,7/21/2022,Success,,,,,,,1989,,,,,DGAEPM,,1. Shelving,0.1,,,,,,,
00-0013533:NSN,"NIPPLE,PIPE",4730,Hose/Pipe Fittings,#,Not assigned,3,25CFSD SERV,SHA,114E155B,6,0.000 EA,0.000 EA,77.000 EA,77,EA,each,L634,DGLEPM,65R,(L) DLP 4-2-3-2,10/2/2013,97.26 CAD,1Z,X,NDHQ CONTROLLED ITEM,C,CONSUMABLE STORES,A,Non-controlled good/Demil not required,A,NON-REPAIRABLE,H,#,3572,1/20/2016,Success,,,,,,,1982,,,,,DGLEPM,,1. Shelving,0.1,,,,,,,
00-0013539:NSN,"ARM,SUPPORT",2540,Vehicular Furniture,#,Not assigned,3,25CFSD SERV,HPA,026K208B,14,0.000 EA,0.000 EA,20.000 EA,20,EA,each,L634,DGLEPM,65R,(L) DLP 4-2-3-2,10/2/2013,463.98 CAD,1Z,X,NDHQ CONTROLLED ITEM,C,CONSUMABLE STORES,A,Non-controlled good/Demil not required,A,NON-REPAIRABLE,H,#,13069,3/3/2016,Success,,,,,,,1989,,,,,DGLEPM,,2. Pallet,1,,,,,,,
00-0013542:NSN,"BRACKET,BLADE ARM,B",2540,Vehicular Furniture,#,Not assigned,3,25CFSD SERV,SHA,108AD125B,6,0.000 EA,0.000 EA,35.000 EA,11,EA,each,L634,DGLEPM,65R,(L) DLP 4-2-3-2,10/2/2013,81.67 CAD,1Z,X,NDHQ CONTROLLED ITEM,C,CONSUMABLE STORES,A,Non-controlled good/Demil not required,A,NON-REPAIRABLE,H,10/6/2021,4922150,10/6/2021,Success,,,,,,,1973,,,,,DGLEPM,,1. Shelving,0.1,,,,,,,
00-0013542:NSN,"BRACKET,BLADE ARM,B",2540,Vehicular Furniture,#,Not assigned,3,25CFSD SERV,SHA,118G176D,6,0.000 EA,0.000 EA,35.000 EA,5,EA,each,L634,DGLEPM,65R,(L) DLP 4-2-3-2,10/2/2013,81.67 CAD,1Z,X,NDHQ CONTROLLED ITEM,C,CONSUMABLE STORES,A,Non-controlled good/Demil not required,A,NON-REPAIRABLE,H,10/5/2021,4916350,10/5/2021,Success,,,,,,,,,,,,,,,,,,,,,,
00-0013542:NSN,"BRACKET,BLADE ARM,B",2540,Vehicular Furniture,#,Not assigned,3,25CFSD SERV,SHA,118W176D,6,0.000 EA,0.000 EA,35.000 EA,15,EA,each,L634,DGLEPM,65R,(L) DLP 4-2-3-2,10/2/2013,81.67 CAD,1Z,X,NDHQ CONTROLLED ITEM,C,CONSUMABLE STORES,A,Non-controlled good/Demil not required,A,NON-REPAIRABLE,H,10/5/2021,4917267,10/5/2021,Success,,,,,,,,,,,,,,,,,,,,,,
00-0013542:NSN,"BRACKET,BLADE ARM,B",2540,Vehicular Furniture,#,Not assigned,3,25CFSD SERV,SHA,172J195C,6,0.000 EA,0.000 EA,35.000 EA,4,EA,each,L634,DGLEPM,65R,(L) DLP 4-2-3-2,10/2/2013,81.67 CAD,1Z,X,NDHQ CONTROLLED ITEM,C,CONSUMABLE STORES,A,Non-controlled good/Demil not required,A,NON-REPAIRABLE,H,9/7/2021,4864042,9/7/2021,Success,,,,,,,,,,,,,,,,,,,,,,
00-0013587:NSN,"FASTENER TAPE,HOOK",8315,Notions/Apparel,#,Not assigned,3,25CFSD SERV,SHA,112AJ132C,6,0.000 EA,0.000 EA,3.000 EA,3,EA,each,L50K,DGLEPM,49T,(L) DLP 7-4-2-1,10/2/2013,13.23 CAD,1R,X,QD MESSAGE FORMAT,C,CONSUMABLE STORES,A,Non-controlled good/Demil not required,A,NON-REPAIRABLE,H,#,4852611,8/30/2021,Success,,,,,,,2006,,,,,DGLEPM,,1. Shelving,0.1,,,,,,,
00-0014074:NSN,"AMPLIFIER,IMPEDANC",5826,Radio Nav Eq Airborn,Q,Q,3,25CFSD SERV,SHA,098K189D,6,0.000 EA,0.000 EA,16.000 EA,2,EA,each,A32X,DGAEPM,52L,(A) DAP 6-2-3B,10/2/2013,237.00 CAD,4N,X,CENTRALIZED MGMT-NORMAL DMND PROCESSING,C,CONSUMABLE STORES,Q,Non-controlled good/Demil not required,A,NON-REPAIRABLE,H,3/28/2018,4627,4/12/2022,Success,,,,,,,1973,,,,,DGAEPM,,1. Shelving,0.1,,,,,,,
00-0014074:NSN,"AMPLIFIER,IMPEDANC",5826,Radio Nav Eq Airborn,Q,Q,3,25CFSD SERV,SHA,126C145A,6,0.000 EA,0.000 EA,16.000 EA,14,EA,each,A32X,DGAEPM,52L,(A) DAP 6-2-3B,10/2/2013,237.00 CAD,4N,X,CENTRALIZED MGMT-NORMAL DMND PROCESSING,C,CONSUMABLE STORES,Q,Non-controlled good/Demil not required,A,NON-REPAIRABLE,H,#,4660,10/2/2013,Success,,,,,,,,,,,,,,,,,,,,,,
00-0014077:NSN,ANTENNA,5985,Antennas/Waveguide,Q,Q,3,25CFSD SERV,SHA,166H186B,6,0.000 EA,0.000 EA,10.000 EA,7,EA,each,A32X,DGAEPM,52L,(A) DAP 6-2-3B,10/2/2013,510.00 CAD,4N,X,CENTRALIZED MGMT-NORMAL DMND PROCESSING,A,ACCOUNTABLE STORES,A,Non-controlled good/Demil not required,F,2ND  LINE WKSP AND 3RD LINE,G,10/25/2019,4748,2/21/2014,Success,,,,,,,,,,,,,,,,,,,,,,
